56.400000000,3.520000000,0.490000000,0.532000000,0.000000000
56.400000000,3.520000000,0.490000000,0.532000000,0.000000000
58.200000000,3.520000000,0.483000000,0.558000000,0.000000000
60.000000000,3.520000000,-0.463000000,0.396000000,0.000000000
61.900000000,3.520000000,-0.420000000,0.332000000,0.000000000
63.700000000,3.520000000,0.367000000,0.721000000,0.000000000
65.500000000,3.520000000,0.317000000,0.758000000,0.000000000
67.300000000,3.520000000,-0.277000000,0.218000000,0.000000000
69.100000000,3.520000000,-0.247000000,0.204000000,0.000000000
71.000000000,3.520000000,-0.222000000,0.193000000,1.000000000
72.800000000,3.520000000,-0.196000000,0.184000000,1.000000000
74.600000000,3.520000000,-0.172000000,0.176000000,1.000000000
76.400000000,3.520000000,0.000000000,1.000000000,0.000000000
78.200000000,3.520000000,0.000000000,1.000000000,0.000000000
80.100000000,3.520000000,-0.496000000,0.491000000,0.000000000
81.900000000,3.520000000,-0.495000000,0.490000000,0.000000000
83.700000000,3.520000000,0.495000000,0.512000000,0.000000000
85.500000000,3.520000000,0.494000000,0.515000000,0.000000000
87.300000000,3.520000000,-0.493000000,0.481000000,0.000000000
89.100000000,3.520000000,0.492000000,0.524000000,0.000000000
91.000000000,3.520000000,-0.490000000,0.470000000,0.000000000
92.800000000,3.520000000,-0.488000000,0.464000000,0.000000000
94.600000000,3.520000000,-0.486000000,0.457000000,0.000000000
96.400000000,3.520000000,-0.486000000,0.451000000,0.000000000
98.200000000,3.520000000,0.493000000,0.533000000,1.000000000
100.000000000,3.520000000,0.974000000,-0.127000000,1.000000000
102.000000000,3.520000000,0.974000000,-0.147000000,1.000000000
104.000000000,3.520000000,-0.019600000,-0.084000000,0.000000000
106.000000000,3.520000000,0.481000000,0.402000000,0.000000000
107.000000000,3.520000000,0.485000000,0.420000000,0.000000000
109.000000000,3.520000000,0.488000000,0.438000000,0.000000000
111.000000000,3.520000000,0.491000000,0.454000000,0.000000000
113.000000000,3.520000000,0.493000000,0.464000000,0.000000000
115.000000000,3.520000000,0.495000000,0.470000000,0.000000000
116.000000000,3.520000000,0.495000000,0.482000000,0.000000000
56.400000000,5.280000000,-0.487000000,0.473000000,0.000000000
58.200000000,5.280000000,-0.964000000,0.129000000,0.000000000
60.000000000,5.280000000,0.971000000,-0.141000000,0.000000000
61.900000000,5.280000000,-0.024800000,-0.118000000,0.000000000
63.700000000,5.280000000,0.977000000,-0.129000000,0.000000000
65.500000000,5.280000000,0.483000000,0.401000000,0.000000000
67.300000000,5.280000000,0.486000000,0.417000000,0.000000000
69.100000000,5.280000000,0.490000000,0.432000000,1.000000000
71.000000000,5.280000000,0.492000000,0.445000000,1.000000000
72.800000000,5.280000000,0.494000000,0.457000000,1.000000000
74.600000000,5.280000000,0.495000000,0.470000000,1.000000000
76.400000000,5.280000000,0.495000000,0.483000000,0.000000000
78.200000000,5.280000000,0.494000000,0.498000000,0.000000000
80.100000000,5.280000000,0.492000000,0.516000000,0.000000000
81.900000000,5.280000000,0.488000000,0.538000000,0.000000000
83.700000000,5.280000000,0.480000000,0.564000000,0.000000000
85.500000000,5.280000000,0.467000000,0.593000000,0.000000000
87.300000000,5.280000000,0.451000000,0.623000000,0.000000000
89.100000000,5.280000000,0.431000000,0.652000000,0.000000000
91.000000000,5.280000000,0.411000000,0.675000000,0.000000000
92.800000000,5.280000000,0.396000000,0.691000000,0.000000000
94.600000000,5.280000000,0.386000000,0.700000000,0.000000000
96.400000000,5.280000000,0.378000000,0.706000000,0.000000000
98.200000000,5.280000000,0.000000000,1.000000000,1.000000000
100.000000000,5.280000000,0.000000000,1.000000000,1.000000000
102.000000000,5.280000000,0.000000000,1.000000000,1.000000000
104.000000000,5.280000000,-0.495000000,0.494000000,1.000000000
106.000000000,5.280000000,-0.495000000,0.493000000,0.000000000
107.000000000,5.280000000,-0.494000000,0.491000000,0.000000000
109.000000000,5.280000000,-0.493000000,0.489000000,0.000000000
111.000000000,5.280000000,0.492000000,0.513000000,0.000000000
113.000000000,5.280000000,0.491000000,0.516000000,0.000000000
115.000000000,5.280000000,0.490000000,0.519000000,0.000000000
116.000000000,5.280000000,0.489000000,0.522000000,0.000000000
56.400000000,7.040000000,0.000000000,1.000000000,0.000000000
58.200000000,7.040000000,0.000000000,1.000000000,0.000000000
60.000000000,7.040000000,0.000000000,1.000000000,0.000000000
61.900000000,7.040000000,-0.495000000,0.495000000,0.000000000
63.700000000,7.040000000,0.494000000,0.506000000,0.000000000
65.500000000,7.040000000,-0.494000000,0.493000000,0.000000000
67.300000000,7.040000000,0.493000000,0.509000000,0.000000000
69.100000000,7.040000000,0.491000000,0.511000000,1.000000000
71.000000000,7.040000000,0.490000000,0.514000000,1.000000000
72.800000000,7.040000000,0.489000000,0.516000000,1.000000000
74.600000000,7.040000000,-0.488000000,0.483000000,1.000000000
76.400000000,7.040000000,0.488000000,0.518000000,0.000000000
78.200000000,7.040000000,0.489000000,0.517000000,0.000000000
80.100000000,7.040000000,0.490000000,0.515000000,0.000000000
81.900000000,7.040000000,-0.492000000,0.488000000,0.000000000
83.700000000,7.040000000,-0.496000000,0.492000000,0.000000000
85.500000000,7.040000000,-0.500000000,0.498000000,0.000000000
87.300000000,7.040000000,0.499000000,0.494000000,0.000000000
89.100000000,7.040000000,-0.498000000,0.507000000,0.000000000
91.000000000,7.040000000,0.492000000,0.489000000,0.000000000
92.800000000,7.040000000,0.000000000,1.000000000,0.000000000
94.600000000,7.040000000,0.000000000,1.000000000,0.000000000
96.400000000,7.040000000,0.000000000,1.000000000,0.000000000
98.200000000,7.040000000,0.000000000,1.000000000,1.000000000
100.000000000,7.040000000,0.000000000,1.000000000,1.000000000
102.000000000,7.040000000,0.000000000,1.000000000,1.000000000
104.000000000,7.040000000,0.000000000,1.000000000,1.000000000
106.000000000,7.040000000,0.000000000,1.000000000,0.000000000
107.000000000,7.040000000,0.000000000,1.000000000,0.000000000
109.000000000,7.040000000,0.000000000,1.000000000,0.000000000
111.000000000,7.040000000,0.000000000,1.000000000,0.000000000
113.000000000,7.040000000,0.000000000,1.000000000,0.000000000
115.000000000,7.040000000,0.000000000,1.000000000,0.000000000
116.000000000,7.040000000,0.000000000,1.000000000,0.000000000
56.400000000,8.800000000,0.000000000,1.000000000,0.000000000
58.200000000,8.800000000,0.000000000,1.000000000,0.000000000
60.000000000,8.800000000,0.000000000,1.000000000,0.000000000
61.900000000,8.800000000,0.000000000,1.000000000,0.000000000
63.700000000,8.800000000,0.000000000,1.000000000,0.000000000
65.500000000,8.800000000,0.000000000,1.000000000,0.000000000
67.300000000,8.800000000,0.000000000,1.000000000,0.000000000
69.100000000,8.800000000,0.000000000,1.000000000,1.000000000
71.000000000,8.800000000,0.000000000,1.000000000,1.000000000
72.800000000,8.800000000,0.000000000,1.000000000,1.000000000
74.600000000,8.800000000,0.000000000,1.000000000,1.000000000
76.400000000,8.800000000,0.000000000,1.000000000,0.000000000
78.200000000,8.800000000,0.000000000,1.000000000,0.000000000
80.100000000,8.800000000,0.000000000,1.000000000,0.000000000
81.900000000,8.800000000,0.000000000,1.000000000,0.000000000
83.700000000,8.800000000,0.000000000,1.000000000,0.000000000
85.500000000,8.800000000,-0.494000000,0.494000000,0.000000000
87.300000000,8.800000000,0.494000000,0.507000000,0.000000000
89.100000000,8.800000000,0.492000000,0.509000000,0.000000000
91.000000000,8.800000000,0.490000000,0.511000000,0.000000000
92.800000000,8.800000000,0.488000000,0.514000000,0.000000000
94.600000000,8.800000000,0.486000000,0.517000000,0.000000000
96.400000000,8.800000000,0.484000000,0.520000000,0.000000000
98.200000000,8.800000000,0.484000000,0.521000000,1.000000000
100.000000000,8.800000000,0.484000000,0.522000000,1.000000000
102.000000000,8.800000000,0.486000000,0.523000000,1.000000000
104.000000000,8.800000000,0.489000000,0.522000000,1.000000000
106.000000000,8.800000000,0.491000000,0.520000000,0.000000000
107.000000000,8.800000000,-0.494000000,0.482000000,0.000000000
109.000000000,8.800000000,-0.497000000,0.487000000,0.000000000
111.000000000,8.800000000,-0.499000000,0.494000000,0.000000000
113.000000000,8.800000000,-0.500000000,0.500000000,0.000000000
115.000000000,8.800000000,0.500000000,0.497000000,0.000000000
116.000000000,8.800000000,-0.500000000,0.507000000,0.000000000
56.400000000,10.600000000,0.480000000,0.529000000,0.000000000
58.200000000,10.600000000,0.480000000,0.531000000,0.000000000
60.000000000,10.600000000,0.482000000,0.533000000,0.000000000
61.900000000,10.600000000,0.485000000,0.534000000,0.000000000
63.700000000,10.600000000,0.488000000,0.534000000,0.000000000
65.500000000,10.600000000,0.491000000,0.534000000,0.000000000
67.300000000,10.600000000,-0.494000000,0.469000000,0.000000000
69.100000000,10.600000000,-0.496000000,0.473000000,1.000000000
71.000000000,10.600000000,-0.498000000,0.481000000,1.000000000
72.800000000,10.600000000,-0.499000000,0.491000000,1.000000000
74.600000000,10.600000000,0.499000000,0.493000000,1.000000000
76.400000000,10.600000000,0.499000000,0.473000000,0.000000000
78.200000000,10.600000000,0.000000000,1.000000000,0.000000000
80.100000000,10.600000000,0.000000000,1.000000000,0.000000000
81.900000000,10.600000000,0.000000000,1.000000000,0.000000000
83.700000000,10.600000000,0.000000000,1.000000000,0.000000000
85.500000000,10.600000000,0.000000000,1.000000000,0.000000000
87.300000000,10.600000000,0.000000000,1.000000000,0.000000000
89.100000000,10.600000000,0.000000000,1.000000000,0.000000000
91.000000000,10.600000000,0.000000000,1.000000000,0.000000000
92.800000000,10.600000000,0.000000000,1.000000000,0.000000000
94.600000000,10.600000000,0.000000000,1.000000000,0.000000000
96.400000000,10.600000000,0.000000000,1.000000000,0.000000000
98.200000000,10.600000000,0.000000000,1.000000000,1.000000000
100.000000000,10.600000000,-0.016500000,0.760000000,1.000000000
102.000000000,10.600000000,-0.020200000,0.710000000,1.000000000
104.000000000,10.600000000,-0.023500000,0.667000000,1.000000000
106.000000000,10.600000000,-0.026600000,0.653000000,0.000000000
107.000000000,10.600000000,-0.032100000,0.703000000,0.000000000
109.000000000,10.600000000,-0.532000000,0.352000000,0.000000000
111.000000000,10.600000000,0.464000000,0.503000000,0.000000000
113.000000000,10.600000000,0.492000000,0.514000000,0.000000000
115.000000000,10.600000000,0.490000000,0.517000000,0.000000000
116.000000000,10.600000000,0.487000000,0.521000000,0.000000000
56.400000000,12.300000000,-0.009760000,0.822000000,0.000000000
58.200000000,12.300000000,-0.003930000,0.767000000,0.000000000
60.000000000,12.300000000,-0.003260000,0.699000000,0.000000000
61.900000000,12.300000000,-0.001750000,0.647000000,0.000000000
63.700000000,12.300000000,0.000247000,0.412000000,0.000000000
65.500000000,12.300000000,0.003160000,0.487000000,0.000000000
67.300000000,12.300000000,-0.483000000,0.054100000,0.000000000
69.100000000,12.300000000,0.468000000,-0.175000000,1.000000000
71.000000000,12.300000000,0.466000000,-0.259000000,1.000000000
72.800000000,12.300000000,-0.469000000,0.296000000,1.000000000
74.600000000,12.300000000,0.515000000,0.355000000,1.000000000
76.400000000,12.300000000,0.517000000,0.365000000,0.000000000
78.200000000,12.300000000,-0.483000000,0.466000000,0.000000000
80.100000000,12.300000000,-0.481000000,0.462000000,0.000000000
81.900000000,12.300000000,0.480000000,0.542000000,0.000000000
83.700000000,12.300000000,0.480000000,0.546000000,0.000000000
85.500000000,12.300000000,0.481000000,0.549000000,0.000000000
87.300000000,12.300000000,0.482000000,0.551000000,0.000000000
89.100000000,12.300000000,-0.484000000,0.448000000,0.000000000
91.000000000,12.300000000,0.486000000,0.551000000,0.000000000
92.800000000,12.300000000,-0.488000000,0.452000000,0.000000000
94.600000000,12.300000000,-0.490000000,0.461000000,0.000000000
96.400000000,12.300000000,-0.494000000,0.478000000,0.000000000
98.200000000,12.300000000,-0.497000000,0.506000000,1.000000000
100.000000000,12.300000000,0.496000000,0.447000000,1.000000000
102.000000000,12.300000000,-0.488000000,0.609000000,1.000000000
104.000000000,12.300000000,0.000000000,1.000000000,1.000000000
106.000000000,12.300000000,0.000000000,1.000000000,0.000000000
107.000000000,12.300000000,0.000000000,1.000000000,0.000000000
109.000000000,12.300000000,0.000000000,1.000000000,0.000000000
111.000000000,12.300000000,0.000000000,1.000000000,0.000000000
113.000000000,12.300000000,0.000000000,1.000000000,0.000000000
115.000000000,12.300000000,0.034900000,0.811000000,0.000000000
116.000000000,12.300000000,0.036200000,0.812000000,0.000000000
56.400000000,14.100000000,0.491000000,0.513000000,0.000000000
58.200000000,14.100000000,-0.498000000,0.523000000,0.000000000
60.000000000,14.100000000,0.491000000,0.406000000,0.000000000
61.900000000,14.100000000,-0.478000000,0.646000000,0.000000000
63.700000000,14.100000000,0.000000000,1.000000000,0.000000000
65.500000000,14.100000000,-0.476000000,0.526000000,0.000000000
67.300000000,14.100000000,-0.221000000,0.764000000,0.000000000
69.100000000,14.100000000,-0.064800000,0.808000000,0.000000000
71.000000000,14.100000000,-0.016700000,0.192000000,1.000000000
72.800000000,14.100000000,0.057300000,0.783000000,1.000000000
74.600000000,14.100000000,0.066700000,0.744000000,1.000000000
76.400000000,14.100000000,-0.051600000,0.288000000,0.000000000
78.200000000,14.100000000,0.037000000,0.713000000,0.000000000
80.100000000,14.100000000,0.025000000,0.728000000,0.000000000
81.900000000,14.100000000,-0.018200000,0.276000000,0.000000000
83.700000000,14.100000000,-0.021700000,0.310000000,0.000000000
85.500000000,14.100000000,-0.031900000,0.378000000,0.000000000
87.300000000,14.100000000,0.036000000,0.565000000,0.000000000
89.100000000,14.100000000,-0.041300000,0.495000000,0.000000000
91.000000000,14.100000000,-0.544000000,0.039500000,0.000000000
92.800000000,14.100000000,0.546000000,-0.154000000,0.000000000
94.600000000,14.100000000,0.490000000,0.326000000,0.000000000
96.400000000,14.100000000,-0.462000000,0.353000000,0.000000000
98.200000000,14.100000000,-0.514000000,-0.428000000,1.000000000
100.000000000,14.100000000,-0.493000000,-0.421000000,1.000000000
102.000000000,14.100000000,0.493000000,0.423000000,1.000000000
104.000000000,14.100000000,0.490000000,0.437000000,0.000000000
106.000000000,14.100000000,0.485000000,0.549000000,0.000000000
107.000000000,14.100000000,0.483000000,0.552000000,0.000000000
109.000000000,14.100000000,0.482000000,0.554000000,0.000000000
111.000000000,14.100000000,0.481000000,0.556000000,0.000000000
113.000000000,14.100000000,-0.481000000,0.445000000,0.000000000
115.000000000,14.100000000,-0.480000000,0.447000000,0.000000000
116.000000000,14.100000000,0.481000000,0.548000000,0.000000000
56.400000000,15.800000000,0.444000000,-0.451000000,0.000000000
58.200000000,15.800000000,0.519000000,0.530000000,0.000000000
60.000000000,15.800000000,0.482000000,0.514000000,0.000000000
61.900000000,15.800000000,0.470000000,0.503000000,0.000000000
63.700000000,15.800000000,0.473000000,0.521000000,0.000000000
65.500000000,15.800000000,0.485000000,0.556000000,0.000000000
67.300000000,15.800000000,0.483000000,0.557000000,0.000000000
69.100000000,15.800000000,-0.002840000,0.018000000,0.000000000
71.000000000,15.800000000,-0.002940000,0.014200000,1.000000000
72.800000000,15.800000000,-0.962000000,-0.100000000,1.000000000
74.600000000,15.800000000,-0.002700000,0.011800000,0.000000000
76.400000000,15.800000000,0.008060000,-0.035100000,0.000000000
78.200000000,15.800000000,0.947000000,0.095700000,0.000000000
80.100000000,15.800000000,-0.018900000,0.102000000,0.000000000
81.900000000,15.800000000,-0.030000000,0.156000000,0.000000000
83.700000000,15.800000000,-0.038200000,0.216000000,0.000000000
85.500000000,15.800000000,0.026900000,-0.274000000,0.000000000
87.300000000,15.800000000,0.001510000,0.280000000,0.000000000
89.100000000,15.800000000,0.022700000,0.199000000,0.000000000
91.000000000,15.800000000,0.278000000,0.289000000,0.000000000
92.800000000,15.800000000,-0.120000000,0.765000000,0.000000000
94.600000000,15.800000000,-0.021400000,0.775000000,0.000000000
96.400000000,15.800000000,0.015200000,0.776000000,0.000000000
98.200000000,15.800000000,0.022300000,0.798000000,0.000000000
100.000000000,15.800000000,0.018400000,0.875000000,1.000000000
102.000000000,15.800000000,0.015200000,0.948000000,1.000000000
104.000000000,15.800000000,0.007550000,0.971000000,0.000000000
106.000000000,15.800000000,0.000000000,1.000000000,0.000000000
107.000000000,15.800000000,0.000000000,1.000000000,0.000000000
109.000000000,15.800000000,0.000000000,1.000000000,0.000000000
111.000000000,15.800000000,0.000000000,1.000000000,0.000000000
113.000000000,15.800000000,0.000000000,1.000000000,0.000000000
115.000000000,15.800000000,-0.498000000,0.484000000,0.000000000
116.000000000,15.800000000,0.497000000,0.523000000,0.000000000
56.400000000,17.600000000,-0.001010000,0.874000000,0.000000000
58.200000000,17.600000000,0.032600000,0.965000000,0.000000000
60.000000000,17.600000000,-0.017600000,0.002080000,0.000000000
61.900000000,17.600000000,0.003000000,0.000600000,0.000000000
63.700000000,17.600000000,0.000000000,1.000000000,0.000000000
65.500000000,17.600000000,0.000000000,1.000000000,0.000000000
67.300000000,17.600000000,0.000000000,1.000000000,0.000000000
69.100000000,17.600000000,0.000000000,1.000000000,0.000000000
71.000000000,17.600000000,0.000000000,1.000000000,1.000000000
72.800000000,17.600000000,-0.499000000,0.498000000,1.000000000
74.600000000,17.600000000,0.495000000,0.551000000,0.000000000
76.400000000,17.600000000,0.493000000,0.568000000,0.000000000
78.200000000,17.600000000,-0.535000000,-0.563000000,0.000000000
80.100000000,17.600000000,0.540000000,0.559000000,0.000000000
81.900000000,17.600000000,-0.435000000,0.423000000,0.000000000
83.700000000,17.600000000,-0.509000000,-0.553000000,0.000000000
85.500000000,17.600000000,0.487000000,0.557000000,0.000000000
87.300000000,17.600000000,0.477000000,0.560000000,0.000000000
89.100000000,17.600000000,0.486000000,0.566000000,0.000000000
91.000000000,17.600000000,0.483000000,0.571000000,0.000000000
92.800000000,17.600000000,-0.006140000,0.040800000,0.000000000
94.600000000,17.600000000,-0.955000000,-0.125000000,0.000000000
96.400000000,17.600000000,0.949000000,0.133000000,0.000000000
98.200000000,17.600000000,0.004120000,-0.022400000,0.000000000
100.000000000,17.600000000,-0.016800000,0.038800000,1.000000000
102.000000000,17.600000000,-0.029100000,0.102000000,1.000000000
104.000000000,17.600000000,-0.034400000,0.152000000,0.000000000
106.000000000,17.600000000,-0.041800000,0.175000000,0.000000000
107.000000000,17.600000000,-0.049800000,0.193000000,0.000000000
109.000000000,17.600000000,-0.941000000,-0.025400000,0.000000000
111.000000000,17.600000000,-0.964000000,0.001620000,0.000000000
113.000000000,17.600000000,-0.010500000,0.151000000,0.000000000
115.000000000,17.600000000,-0.969000000,0.004130000,0.000000000
116.000000000,17.600000000,-0.023100000,0.219000000,0.000000000
56.400000000,19.400000000,0.215000000,-0.234000000,0.000000000
58.200000000,19.400000000,0.599000000,-0.290000000,0.000000000
60.000000000,19.400000000,0.168000000,0.352000000,0.000000000
61.900000000,19.400000000,0.053600000,0.287000000,0.000000000
63.700000000,19.400000000,-0.001410000,0.237000000,0.000000000
65.500000000,19.400000000,-0.027600000,0.205000000,0.000000000
67.300000000,19.400000000,-0.041300000,0.184000000,0.000000000
69.100000000,19.400000000,-0.039100000,0.155000000,0.000000000
71.000000000,19.400000000,-0.968000000,0.027200000,1.000000000
72.800000000,19.400000000,-0.012200000,0.102000000,1.000000000
74.600000000,19.400000000,-0.005320000,0.090200000,1.000000000
76.400000000,19.400000000,0.323000000,0.297000000,0.000000000
78.200000000,19.400000000,0.148000000,0.190000000,0.000000000
80.100000000,19.400000000,0.048000000,0.095500000,0.000000000
81.900000000,19.400000000,0.001440000,0.961000000,0.000000000
83.700000000,19.400000000,-0.039600000,0.009000000,0.000000000
85.500000000,19.400000000,-0.032700000,0.048200000,0.000000000
87.300000000,19.400000000,-0.000412000,0.152000000,0.000000000
89.100000000,19.400000000,0.052000000,0.251000000,0.000000000
91.000000000,19.400000000,0.000000000,1.000000000,0.000000000
92.800000000,19.400000000,0.000000000,1.000000000,0.000000000
94.600000000,19.400000000,0.000000000,1.000000000,0.000000000
96.400000000,19.400000000,-0.467000000,-0.501000000,0.000000000
98.200000000,19.400000000,0.491000000,0.549000000,1.000000000
100.000000000,19.400000000,0.403000000,-0.273000000,1.000000000
102.000000000,19.400000000,0.531000000,0.611000000,1.000000000
104.000000000,19.400000000,0.530000000,0.598000000,0.000000000
106.000000000,19.400000000,0.447000000,-0.334000000,0.000000000
107.000000000,19.400000000,0.495000000,-0.309000000,0.000000000
109.000000000,19.400000000,0.510000000,-0.308000000,0.000000000
111.000000000,19.400000000,0.486000000,0.583000000,0.000000000
113.000000000,19.400000000,-0.486000000,0.420000000,0.000000000
115.000000000,19.400000000,0.482000000,0.583000000,0.000000000
116.000000000,19.400000000,-0.010300000,0.069000000,0.000000000
56.400000000,21.100000000,0.387000000,-0.248000000,0.000000000
58.200000000,21.100000000,0.386000000,-0.291000000,0.000000000
60.000000000,21.100000000,0.385000000,-0.296000000,0.000000000
61.900000000,21.100000000,0.384000000,-0.270000000,0.000000000
63.700000000,21.100000000,0.430000000,-0.216000000,0.000000000
65.500000000,21.100000000,0.461000000,-0.198000000,0.000000000
67.300000000,21.100000000,0.429000000,0.567000000,0.000000000
69.100000000,21.100000000,0.470000000,0.637000000,1.000000000
71.000000000,21.100000000,0.482000000,0.602000000,1.000000000
72.800000000,21.100000000,0.487000000,0.577000000,1.000000000
74.600000000,21.100000000,0.005130000,0.041500000,1.000000000
76.400000000,21.100000000,0.966000000,0.107000000,0.000000000
78.200000000,21.100000000,0.017700000,-0.087000000,0.000000000
80.100000000,21.100000000,0.244000000,-0.261000000,0.000000000
81.900000000,21.100000000,0.598000000,-0.293000000,0.000000000
83.700000000,21.100000000,0.688000000,-0.267000000,0.000000000
85.500000000,21.100000000,0.737000000,-0.243000000,0.000000000
87.300000000,21.100000000,0.155000000,0.324000000,0.000000000
89.100000000,21.100000000,-0.906000000,0.121000000,0.000000000
91.000000000,21.100000000,-0.934000000,0.079000000,0.000000000
92.800000000,21.100000000,-0.946000000,0.054600000,0.000000000
94.600000000,21.100000000,-0.953000000,0.047300000,0.000000000
96.400000000,21.100000000,0.966000000,-0.055800000,0.000000000
98.200000000,21.100000000,-0.986000000,0.063400000,1.000000000
100.000000000,21.100000000,0.003780000,0.050800000,1.000000000
102.000000000,21.100000000,0.470000000,0.457000000,1.000000000
104.000000000,21.100000000,-0.311000000,0.582000000,1.000000000
106.000000000,21.100000000,0.118000000,0.406000000,0.000000000
107.000000000,21.100000000,0.011000000,0.602000000,0.000000000
109.000000000,21.100000000,-0.074400000,0.359000000,0.000000000
111.000000000,21.100000000,-0.099600000,0.326000000,0.000000000
113.000000000,21.100000000,0.106000000,0.704000000,0.000000000
115.000000000,21.100000000,-0.106000000,0.259000000,0.000000000
116.000000000,21.100000000,-0.110000000,0.207000000,0.000000000
56.400000000,22.900000000,0.958000000,-0.137000000,0.000000000
58.200000000,22.900000000,-0.978000000,0.127000000,0.000000000
60.000000000,22.900000000,-0.500000000,0.498000000,0.000000000
61.900000000,22.900000000,-0.488000000,0.469000000,0.000000000
63.700000000,22.900000000,-0.438000000,0.389000000,0.000000000
65.500000000,22.900000000,0.388000000,0.748000000,0.000000000
67.300000000,22.900000000,-0.226000000,0.103000000,0.000000000
69.100000000,22.900000000,0.192000000,0.899000000,1.000000000
71.000000000,22.900000000,0.189000000,0.904000000,1.000000000
72.800000000,22.900000000,-0.171000000,0.093600000,1.000000000
74.600000000,22.900000000,-0.152000000,0.096800000,1.000000000
76.400000000,22.900000000,-0.137000000,0.095400000,0.000000000
78.200000000,22.900000000,0.595000000,0.567000000,0.000000000
80.100000000,22.900000000,0.340000000,-0.235000000,0.000000000
81.900000000,22.900000000,0.366000000,-0.266000000,0.000000000
83.700000000,22.900000000,0.348000000,-0.209000000,0.000000000
85.500000000,22.900000000,0.342000000,-0.156000000,0.000000000
87.300000000,22.900000000,0.349000000,-0.132000000,0.000000000
89.100000000,22.900000000,0.356000000,-0.129000000,0.000000000
91.000000000,22.900000000,0.384000000,0.776000000,0.000000000
92.800000000,22.900000000,0.407000000,0.748000000,0.000000000
94.600000000,22.900000000,0.442000000,0.696000000,0.000000000
96.400000000,22.900000000,0.485000000,0.597000000,0.000000000
98.200000000,22.900000000,0.012600000,0.013500000,1.000000000
100.000000000,22.900000000,-0.016400000,0.021700000,1.000000000
102.000000000,22.900000000,-0.018100000,0.051400000,1.000000000
104.000000000,22.900000000,-0.017200000,0.086900000,1.000000000
106.000000000,22.900000000,0.959000000,-0.062100000,0.000000000
107.000000000,22.900000000,0.916000000,-0.126000000,0.000000000
109.000000000,22.900000000,0.886000000,-0.154000000,0.000000000
111.000000000,22.900000000,0.880000000,-0.155000000,0.000000000
113.000000000,22.900000000,0.897000000,-0.135000000,0.000000000
115.000000000,22.900000000,0.016900000,0.207000000,0.000000000
116.000000000,22.900000000,-0.000775000,0.171000000,0.000000000
56.400000000,24.600000000,0.012200000,-0.009750000,0.000000000
58.200000000,24.600000000,-0.013600000,0.054600000,0.000000000
60.000000000,24.600000000,-0.012300000,0.089100000,0.000000000
61.900000000,24.600000000,-0.008660000,0.124000000,0.000000000
63.700000000,24.600000000,0.954000000,-0.076300000,0.000000000
65.500000000,24.600000000,0.929000000,-0.110000000,0.000000000
67.300000000,24.600000000,0.900000000,-0.139000000,0.000000000
69.100000000,24.600000000,0.883000000,-0.150000000,1.000000000
71.000000000,24.600000000,0.883000000,-0.146000000,1.000000000
72.800000000,24.600000000,0.893000000,-0.132000000,1.000000000
74.600000000,24.600000000,0.030400000,0.243000000,1.000000000
76.400000000,24.600000000,0.008960000,0.205000000,0.000000000
78.200000000,24.600000000,-0.016400000,0.123000000,0.000000000
80.100000000,24.600000000,-0.017000000,0.075900000,0.000000000
81.900000000,24.600000000,0.488000000,0.574000000,0.000000000
83.700000000,24.600000000,-0.490000000,0.421000000,0.000000000
85.500000000,24.600000000,-0.489000000,0.403000000,0.000000000
87.300000000,24.600000000,-0.486000000,0.385000000,0.000000000
89.100000000,24.600000000,0.496000000,0.561000000,0.000000000
91.000000000,24.600000000,0.119000000,0.045200000,0.000000000
92.800000000,24.600000000,-0.000376000,0.039800000,0.000000000
94.600000000,24.600000000,0.037400000,0.945000000,0.000000000
96.400000000,24.600000000,-0.028100000,0.070200000,0.000000000
98.200000000,24.600000000,0.002380000,0.087700000,1.000000000
100.000000000,24.600000000,-0.021000000,0.901000000,1.000000000
102.000000000,24.600000000,0.473000000,-0.611000000,1.000000000
104.000000000,24.600000000,0.499000000,-0.452000000,1.000000000
106.000000000,24.600000000,0.483000000,-0.403000000,0.000000000
107.000000000,24.600000000,0.463000000,-0.307000000,0.000000000
109.000000000,24.600000000,0.437000000,-0.240000000,0.000000000
111.000000000,24.600000000,0.441000000,0.603000000,0.000000000
113.000000000,24.600000000,0.411000000,0.729000000,0.000000000
115.000000000,24.600000000,0.406000000,0.738000000,0.000000000
116.000000000,24.600000000,0.416000000,0.726000000,0.000000000
56.400000000,26.400000000,-0.081800000,0.866000000,0.000000000
58.200000000,26.400000000,0.058200000,0.138000000,0.000000000
60.000000000,26.400000000,0.502000000,-0.505000000,0.000000000
61.900000000,26.400000000,0.487000000,-0.492000000,0.000000000
63.700000000,26.400000000,0.480000000,-0.467000000,0.000000000
65.500000000,26.400000000,0.476000000,-0.426000000,0.000000000
67.300000000,26.400000000,0.471000000,-0.375000000,0.000000000
69.100000000,26.400000000,0.476000000,0.576000000,1.000000000
71.000000000,26.400000000,0.463000000,0.622000000,1.000000000
72.800000000,26.400000000,0.449000000,0.657000000,1.000000000
74.600000000,26.400000000,0.439000000,0.678000000,1.000000000
76.400000000,26.400000000,0.441000000,0.678000000,0.000000000
78.200000000,26.400000000,0.475000000,0.611000000,0.000000000
80.100000000,26.400000000,0.987000000,0.004300000,0.000000000
81.900000000,26.400000000,-0.007600000,0.114000000,0.000000000
83.700000000,26.400000000,-0.004030000,0.141000000,0.000000000
85.500000000,26.400000000,0.013400000,0.197000000,0.000000000
87.300000000,26.400000000,0.862000000,-0.188000000,0.000000000
89.100000000,26.400000000,0.749000000,-0.247000000,0.000000000
91.000000000,26.400000000,0.696000000,-0.259000000,0.000000000
92.800000000,26.400000000,0.692000000,-0.253000000,0.000000000
94.600000000,26.400000000,0.703000000,-0.243000000,0.000000000
96.400000000,26.400000000,0.718000000,-0.232000000,0.000000000
98.200000000,26.400000000,0.733000000,-0.221000000,1.000000000
100.000000000,26.400000000,0.180000000,0.410000000,1.000000000
102.000000000,26.400000000,0.175000000,0.417000000,1.000000000
104.000000000,26.400000000,0.461000000,0.615000000,1.000000000
106.000000000,26.400000000,0.461000000,0.623000000,0.000000000
107.000000000,26.400000000,0.460000000,0.631000000,0.000000000
109.000000000,26.400000000,0.461000000,0.636000000,0.000000000
111.000000000,26.400000000,0.467000000,0.626000000,0.000000000
113.000000000,26.400000000,-0.489000000,0.438000000,0.000000000
115.000000000,26.400000000,0.403000000,0.241000000,0.000000000
116.000000000,26.400000000,0.251000000,0.138000000,0.000000000
56.400000000,28.100000000,0.546000000,-0.252000000,0.000000000
58.200000000,28.100000000,0.732000000,-0.210000000,0.000000000
60.000000000,28.100000000,0.182000000,0.437000000,0.000000000
61.900000000,28.100000000,0.450000000,0.620000000,0.000000000
63.700000000,28.100000000,0.447000000,0.625000000,0.000000000
65.500000000,28.100000000,-0.442000000,0.372000000,0.000000000
67.300000000,28.100000000,0.438000000,0.631000000,0.000000000
69.100000000,28.100000000,-0.436000000,0.366000000,1.000000000
71.000000000,28.100000000,-0.435000000,0.353000000,1.000000000
72.800000000,28.100000000,0.409000000,0.691000000,1.000000000
74.600000000,28.100000000,0.194000000,0.145000000,1.000000000
76.400000000,28.100000000,0.206000000,0.161000000,0.000000000
78.200000000,28.100000000,0.165000000,0.162000000,0.000000000
80.100000000,28.100000000,0.122000000,0.153000000,0.000000000
81.900000000,28.100000000,0.081600000,0.131000000,0.000000000
83.700000000,28.100000000,0.514000000,-0.549000000,0.000000000
85.500000000,28.100000000,0.492000000,-0.553000000,0.000000000
87.300000000,28.100000000,0.479000000,-0.545000000,0.000000000
89.100000000,28.100000000,0.474000000,-0.527000000,0.000000000
91.000000000,28.100000000,0.499000000,0.317000000,0.000000000
92.800000000,28.100000000,0.489000000,0.434000000,0.000000000
94.600000000,28.100000000,0.492000000,0.457000000,0.000000000
96.400000000,28.100000000,0.494000000,0.474000000,0.000000000
98.200000000,28.100000000,0.495000000,0.480000000,1.000000000
100.000000000,28.100000000,0.497000000,0.475000000,1.000000000
102.000000000,28.100000000,0.497000000,0.465000000,1.000000000
104.000000000,28.100000000,0.984000000,0.025200000,1.000000000
106.000000000,28.100000000,0.983000000,0.028400000,0.000000000
107.000000000,28.100000000,0.982000000,0.048500000,0.000000000
109.000000000,28.100000000,-0.004500000,0.031700000,0.000000000
111.000000000,28.100000000,0.819000000,0.318000000,0.000000000
113.000000000,28.100000000,0.671000000,0.401000000,0.000000000
115.000000000,28.100000000,0.380000000,-0.256000000,0.000000000
116.000000000,28.100000000,0.402000000,-0.254000000,0.000000000
56.400000000,29.900000000,0.494000000,0.433000000,0.000000000
58.200000000,29.900000000,0.495000000,0.439000000,0.000000000
60.000000000,29.900000000,0.496000000,0.444000000,0.000000000
61.900000000,29.900000000,0.012400000,-0.133000000,0.000000000
63.700000000,29.900000000,0.980000000,0.047700000,0.000000000
65.500000000,29.900000000,0.979000000,0.068300000,0.000000000
67.300000000,29.900000000,0.014200000,-0.085700000,0.000000000
69.100000000,29.900000000,0.964000000,0.133000000,1.000000000
71.000000000,29.900000000,0.950000000,0.168000000,1.000000000
72.800000000,29.900000000,0.024000000,-0.020400000,1.000000000
74.600000000,29.900000000,0.819000000,0.333000000,1.000000000
76.400000000,29.900000000,0.823000000,0.327000000,0.000000000
78.200000000,29.900000000,0.067600000,-0.070200000,0.000000000
80.100000000,29.900000000,-0.865000000,-0.281000000,0.000000000
81.900000000,29.900000000,0.029700000,-0.029500000,0.000000000
83.700000000,29.900000000,0.447000000,0.623000000,0.000000000
85.500000000,29.900000000,0.443000000,0.623000000,0.000000000
87.300000000,29.900000000,0.441000000,0.621000000,0.000000000
89.100000000,29.900000000,0.441000000,0.616000000,0.000000000
91.000000000,29.900000000,0.445000000,0.609000000,0.000000000
92.800000000,29.900000000,0.458000000,0.604000000,0.000000000
94.600000000,29.900000000,-0.463000000,0.400000000,0.000000000
96.400000000,29.900000000,-0.459000000,0.412000000,0.000000000
98.200000000,29.900000000,-0.471000000,0.462000000,1.000000000
100.000000000,29.900000000,-0.487000000,0.527000000,1.000000000
102.000000000,29.900000000,-0.491000000,0.573000000,1.000000000
104.000000000,29.900000000,0.489000000,0.399000000,1.000000000
106.000000000,29.900000000,0.478000000,0.355000000,0.000000000
107.000000000,29.900000000,-0.047700000,-0.091800000,0.000000000
109.000000000,29.900000000,0.674000000,-0.574000000,0.000000000
111.000000000,29.900000000,0.603000000,-0.583000000,0.000000000
113.000000000,29.900000000,0.552000000,-0.575000000,0.000000000
115.000000000,29.900000000,0.479000000,0.371000000,0.000000000
116.000000000,29.900000000,0.484000000,0.388000000,0.000000000
56.400000000,31.700000000,0.479000000,0.550000000,0.000000000
58.200000000,31.700000000,-0.485000000,0.474000000,0.000000000
60.000000000,31.700000000,-0.489000000,0.495000000,0.000000000
61.900000000,31.700000000,0.492000000,0.483000000,0.000000000
63.700000000,31.700000000,-0.492000000,0.554000000,0.000000000
65.500000000,31.700000000,0.484000000,0.377000000,0.000000000
67.300000000,31.700000000,0.440000000,0.266000000,0.000000000
69.100000000,31.700000000,0.365000000,0.175000000,1.000000000
71.000000000,31.700000000,0.000000000,1.000000000,1.000000000
72.800000000,31.700000000,0.000000000,1.000000000,1.000000000
74.600000000,31.700000000,0.000000000,1.000000000,1.000000000
76.400000000,31.700000000,0.000000000,1.000000000,0.000000000
78.200000000,31.700000000,0.000000000,1.000000000,0.000000000
80.100000000,31.700000000,0.000000000,1.000000000,0.000000000
81.900000000,31.700000000,0.000000000,1.000000000,0.000000000
83.700000000,31.700000000,0.000000000,1.000000000,0.000000000
85.500000000,31.700000000,-0.477000000,0.383000000,0.000000000
87.300000000,31.700000000,0.476000000,0.618000000,0.000000000
89.100000000,31.700000000,0.475000000,0.621000000,0.000000000
91.000000000,31.700000000,0.473000000,0.623000000,0.000000000
92.800000000,31.700000000,0.470000000,0.625000000,0.000000000
94.600000000,31.700000000,0.468000000,0.626000000,0.000000000
96.400000000,31.700000000,0.465000000,0.628000000,0.000000000
98.200000000,31.700000000,0.462000000,0.630000000,1.000000000
100.000000000,31.700000000,0.458000000,0.632000000,1.000000000
102.000000000,31.700000000,0.454000000,0.635000000,1.000000000
104.000000000,31.700000000,0.449000000,0.638000000,1.000000000
106.000000000,31.700000000,0.443000000,0.642000000,0.000000000
107.000000000,31.700000000,0.436000000,0.648000000,0.000000000
109.000000000,31.700000000,0.430000000,0.653000000,0.000000000
111.000000000,31.700000000,0.426000000,0.656000000,0.000000000
113.000000000,31.700000000,0.428000000,0.653000000,0.000000000
115.000000000,31.700000000,0.441000000,0.637000000,0.000000000
116.000000000,31.700000000,0.463000000,0.604000000,0.000000000
56.400000000,33.400000000,0.457000000,0.645000000,0.000000000
58.200000000,33.400000000,0.454000000,0.646000000,0.000000000
60.000000000,33.400000000,0.450000000,0.648000000,0.000000000
61.900000000,33.400000000,-0.444000000,0.348000000,0.000000000
63.700000000,33.400000000,0.436000000,0.659000000,0.000000000
65.500000000,33.400000000,0.423000000,0.671000000,0.000000000
67.300000000,33.400000000,0.405000000,0.687000000,0.000000000
69.100000000,33.400000000,0.384000000,0.706000000,1.000000000
71.000000000,33.400000000,0.366000000,0.719000000,1.000000000
72.800000000,33.400000000,0.390000000,0.699000000,1.000000000
74.600000000,33.400000000,0.485000000,0.563000000,1.000000000
76.400000000,33.400000000,0.495000000,0.523000000,0.000000000
78.200000000,33.400000000,0.495000000,0.524000000,0.000000000
80.100000000,33.400000000,-0.493000000,0.471000000,0.000000000
81.900000000,33.400000000,0.492000000,0.530000000,0.000000000
83.700000000,33.400000000,-0.492000000,0.471000000,0.000000000
85.500000000,33.400000000,-0.492000000,0.474000000,0.000000000
87.300000000,33.400000000,-0.492000000,0.479000000,0.000000000
89.100000000,33.400000000,0.492000000,0.513000000,0.000000000
91.000000000,33.400000000,0.493000000,0.504000000,0.000000000
92.800000000,33.400000000,0.000000000,1.000000000,0.000000000
94.600000000,33.400000000,0.000000000,1.000000000,0.000000000
96.400000000,33.400000000,0.000000000,1.000000000,0.000000000
98.200000000,33.400000000,0.000000000,1.000000000,1.000000000
100.000000000,33.400000000,0.000000000,1.000000000,1.000000000
102.000000000,33.400000000,0.000000000,1.000000000,1.000000000
104.000000000,33.400000000,0.000000000,1.000000000,1.000000000
106.000000000,33.400000000,0.000000000,1.000000000,0.000000000
107.000000000,33.400000000,0.000000000,1.000000000,0.000000000
109.000000000,33.400000000,0.464000000,0.655000000,0.000000000
111.000000000,33.400000000,0.464000000,0.655000000,0.000000000
113.000000000,33.400000000,-0.463000000,0.345000000,0.000000000
115.000000000,33.400000000,0.462000000,0.655000000,0.000000000
116.000000000,33.400000000,0.460000000,0.656000000,0.000000000
56.400000000,35.200000000,0.000000000,1.000000000,0.000000000
58.200000000,35.200000000,0.000000000,1.000000000,0.000000000
60.000000000,35.200000000,0.000000000,1.000000000,0.000000000
61.900000000,35.200000000,0.000000000,1.000000000,0.000000000
63.700000000,35.200000000,0.000000000,1.000000000,0.000000000
65.500000000,35.200000000,0.000000000,1.000000000,0.000000000
67.300000000,35.200000000,0.462000000,0.661000000,0.000000000
69.100000000,35.200000000,0.461000000,0.663000000,1.000000000
71.000000000,35.200000000,0.459000000,0.665000000,1.000000000
72.800000000,35.200000000,0.456000000,0.668000000,1.000000000
74.600000000,35.200000000,0.453000000,0.671000000,1.000000000
76.400000000,35.200000000,0.450000000,0.673000000,0.000000000
78.200000000,35.200000000,0.448000000,0.673000000,0.000000000
80.100000000,35.200000000,0.448000000,0.670000000,0.000000000
81.900000000,35.200000000,0.448000000,0.665000000,0.000000000
83.700000000,35.200000000,0.448000000,0.660000000,0.000000000
85.500000000,35.200000000,0.447000000,0.657000000,0.000000000
87.300000000,35.200000000,0.442000000,0.660000000,0.000000000
89.100000000,35.200000000,0.431000000,0.670000000,0.000000000
91.000000000,35.200000000,0.409000000,0.690000000,0.000000000
92.800000000,35.200000000,0.371000000,0.722000000,0.000000000
94.600000000,35.200000000,0.310000000,0.761000000,0.000000000
96.400000000,35.200000000,0.215000000,0.803000000,0.000000000
98.200000000,35.200000000,-0.074900000,0.165000000,1.000000000
100.000000000,35.200000000,-0.061700000,0.163000000,1.000000000
102.000000000,35.200000000,0.340000000,0.741000000,1.000000000
104.000000000,35.200000000,0.488000000,0.563000000,1.000000000
106.000000000,35.200000000,-0.495000000,0.466000000,1.000000000
107.000000000,35.200000000,-0.496000000,0.467000000,0.000000000
109.000000000,35.200000000,-0.495000000,0.464000000,0.000000000
111.000000000,35.200000000,-0.494000000,0.461000000,0.000000000
113.000000000,35.200000000,0.493000000,0.540000000,0.000000000
115.000000000,35.200000000,0.000000000,1.000000000,0.000000000
116.000000000,35.200000000,0.000000000,1.000000000,0.000000000
56.400000000,36.900000000,-0.237000000,0.206000000,0.000000000
58.200000000,36.900000000,-0.053300000,0.165000000,0.000000000
60.000000000,36.900000000,-0.146000000,0.826000000,0.000000000
61.900000000,36.900000000,0.496000000,0.453000000,0.000000000
63.700000000,36.900000000,0.500000000,0.502000000,0.000000000
65.500000000,36.900000000,-0.499000000,0.479000000,0.000000000
67.300000000,36.900000000,-0.497000000,0.465000000,1.000000000
69.100000000,36.900000000,-0.496000000,0.457000000,1.000000000
71.000000000,36.900000000,0.495000000,0.545000000,1.000000000
72.800000000,36.900000000,0.000000000,1.000000000,1.000000000
74.600000000,36.900000000,0.000000000,1.000000000,0.000000000
76.400000000,36.900000000,0.000000000,1.000000000,0.000000000
78.200000000,36.900000000,0.000000000,1.000000000,0.000000000
80.100000000,36.900000000,0.000000000,1.000000000,0.000000000
81.900000000,36.900000000,0.000000000,1.000000000,0.000000000
83.700000000,36.900000000,0.000000000,1.000000000,0.000000000
85.500000000,36.900000000,0.000000000,1.000000000,0.000000000
87.300000000,36.900000000,0.000000000,1.000000000,0.000000000
89.100000000,36.900000000,0.000000000,1.000000000,0.000000000
91.000000000,36.900000000,0.466000000,0.644000000,0.000000000
92.800000000,36.900000000,0.465000000,0.645000000,0.000000000
94.600000000,36.900000000,0.462000000,0.649000000,0.000000000
96.400000000,36.900000000,0.458000000,0.657000000,0.000000000
98.200000000,36.900000000,0.453000000,0.665000000,1.000000000
100.000000000,36.900000000,0.448000000,0.672000000,1.000000000
102.000000000,36.900000000,0.445000000,0.675000000,1.000000000
104.000000000,36.900000000,0.445000000,0.673000000,1.000000000
106.000000000,36.900000000,0.448000000,0.666000000,1.000000000
107.000000000,36.900000000,0.453000000,0.655000000,0.000000000
109.000000000,36.900000000,0.459000000,0.641000000,0.000000000
111.000000000,36.900000000,0.463000000,0.629000000,0.000000000
113.000000000,36.900000000,0.465000000,0.622000000,0.000000000
115.000000000,36.900000000,0.465000000,0.620000000,0.000000000
116.000000000,36.900000000,0.462000000,0.623000000,0.000000000
56.400000000,38.700000000,0.465000000,0.626000000,0.000000000
58.200000000,38.700000000,0.460000000,0.639000000,0.000000000
60.000000000,38.700000000,0.456000000,0.647000000,0.000000000
61.900000000,38.700000000,0.455000000,0.649000000,0.000000000
63.700000000,38.700000000,0.457000000,0.645000000,0.000000000
65.500000000,38.700000000,0.462000000,0.634000000,0.000000000
67.300000000,38.700000000,0.469000000,0.619000000,1.000000000
69.100000000,38.700000000,0.474000000,0.604000000,1.000000000
71.000000000,38.700000000,0.479000000,0.592000000,1.000000000
72.800000000,38.700000000,0.481000000,0.583000000,0.000000000
74.600000000,38.700000000,0.483000000,0.578000000,0.000000000
76.400000000,38.700000000,0.484000000,0.575000000,0.000000000
78.200000000,38.700000000,0.486000000,0.570000000,0.000000000
80.100000000,38.700000000,0.494000000,0.543000000,0.000000000
81.900000000,38.700000000,0.498000000,0.465000000,0.000000000
83.700000000,38.700000000,0.492000000,0.430000000,0.000000000
85.500000000,38.700000000,0.490000000,0.424000000,0.000000000
87.300000000,38.700000000,0.491000000,0.429000000,0.000000000
89.100000000,38.700000000,0.494000000,0.443000000,0.000000000
91.000000000,38.700000000,-0.498000000,0.532000000,0.000000000
92.800000000,38.700000000,-0.500000000,0.509000000,0.000000000
94.600000000,38.700000000,0.000000000,1.000000000,0.000000000
96.400000000,38.700000000,0.000000000,1.000000000,0.000000000
98.200000000,38.700000000,0.000000000,1.000000000,1.000000000
100.000000000,38.700000000,0.000000000,1.000000000,1.000000000
102.000000000,38.700000000,0.000000000,1.000000000,1.000000000
104.000000000,38.700000000,0.000000000,1.000000000,1.000000000
106.000000000,38.700000000,0.000000000,1.000000000,1.000000000
107.000000000,38.700000000,0.000000000,1.000000000,1.000000000
109.000000000,38.700000000,0.000000000,1.000000000,1.000000000
111.000000000,38.700000000,0.000000000,1.000000000,1.000000000
113.000000000,38.700000000,0.000000000,1.000000000,1.000000000
115.000000000,38.700000000,0.484000000,0.551000000,0.000000000
116.000000000,38.700000000,0.483000000,0.555000000,0.000000000
56.400000000,40.500000000,0.000000000,1.000000000,0.000000000
58.200000000,40.500000000,0.000000000,1.000000000,0.000000000
60.000000000,40.500000000,0.000000000,1.000000000,0.000000000
61.900000000,40.500000000,0.000000000,1.000000000,0.000000000
63.700000000,40.500000000,0.000000000,1.000000000,1.000000000
65.500000000,40.500000000,-0.482000000,0.422000000,1.000000000
67.300000000,40.500000000,0.484000000,0.585000000,1.000000000
69.100000000,40.500000000,0.489000000,0.588000000,1.000000000
71.000000000,40.500000000,0.495000000,0.567000000,0.000000000
72.800000000,40.500000000,-0.005500000,-0.032300000,0.000000000
74.600000000,40.500000000,0.947000000,-0.095000000,0.000000000
76.400000000,40.500000000,0.487000000,0.493000000,0.000000000
78.200000000,40.500000000,0.486000000,0.511000000,0.000000000
80.100000000,40.500000000,0.484000000,0.532000000,0.000000000
81.900000000,40.500000000,0.481000000,0.553000000,0.000000000
83.700000000,40.500000000,0.477000000,0.570000000,0.000000000
85.500000000,40.500000000,0.475000000,0.583000000,0.000000000
87.300000000,40.500000000,0.475000000,0.589000000,0.000000000
89.100000000,40.500000000,0.477000000,0.586000000,0.000000000
91.000000000,40.500000000,0.480000000,0.578000000,0.000000000
92.800000000,40.500000000,0.483000000,0.571000000,0.000000000
94.600000000,40.500000000,0.483000000,0.569000000,0.000000000
96.400000000,40.500000000,0.481000000,0.576000000,0.000000000
98.200000000,40.500000000,0.472000000,0.598000000,0.000000000
100.000000000,40.500000000,-0.445000000,0.356000000,1.000000000
102.000000000,40.500000000,-0.387000000,0.288000000,1.000000000
104.000000000,40.500000000,0.323000000,0.761000000,1.000000000
106.000000000,40.500000000,-0.137000000,0.162000000,1.000000000
107.000000000,40.500000000,-0.049400000,0.146000000,1.000000000
109.000000000,40.500000000,-0.023000000,0.141000000,1.000000000
111.000000000,40.500000000,-0.024100000,0.138000000,1.000000000
113.000000000,40.500000000,-0.036400000,0.136000000,1.000000000
115.000000000,40.500000000,0.048000000,0.865000000,1.000000000
116.000000000,40.500000000,0.000000000,1.000000000,1.000000000
56.400000000,42.200000000,0.459000000,0.616000000,0.000000000
58.200000000,42.200000000,0.426000000,0.665000000,0.000000000
60.000000000,42.200000000,-0.382000000,0.288000000,0.000000000
61.900000000,42.200000000,0.336000000,0.749000000,1.000000000
63.700000000,42.200000000,-0.292000000,0.223000000,1.000000000
65.500000000,42.200000000,-0.251000000,0.201000000,1.000000000
67.300000000,42.200000000,-0.201000000,0.180000000,1.000000000
69.100000000,42.200000000,-0.132000000,0.158000000,1.000000000
71.000000000,42.200000000,-0.091500000,0.148000000,1.000000000
72.800000000,42.200000000,0.074600000,0.857000000,0.000000000
74.600000000,42.200000000,0.000000000,1.000000000,0.000000000
76.400000000,42.200000000,-0.493000000,0.480000000,0.000000000
78.200000000,42.200000000,-0.492000000,0.479000000,0.000000000
80.100000000,42.200000000,0.491000000,0.524000000,0.000000000
81.900000000,42.200000000,0.490000000,0.529000000,0.000000000
83.700000000,42.200000000,-0.488000000,0.465000000,0.000000000
85.500000000,42.200000000,0.485000000,0.543000000,0.000000000
87.300000000,42.200000000,0.482000000,0.552000000,0.000000000
89.100000000,42.200000000,-0.478000000,0.437000000,0.000000000
91.000000000,42.200000000,-0.474000000,0.425000000,0.000000000
92.800000000,42.200000000,-0.477000000,0.422000000,0.000000000
94.600000000,42.200000000,0.495000000,0.538000000,0.000000000
96.400000000,42.200000000,0.979000000,-0.111000000,0.000000000
98.200000000,42.200000000,0.969000000,-0.157000000,0.000000000
100.000000000,42.200000000,0.020400000,0.028300000,0.000000000
102.000000000,42.200000000,0.484000000,0.434000000,1.000000000
104.000000000,42.200000000,0.486000000,0.452000000,1.000000000
106.000000000,42.200000000,0.488000000,0.471000000,1.000000000
107.000000000,42.200000000,0.488000000,0.488000000,1.000000000
109.000000000,42.200000000,0.491000000,0.492000000,1.000000000
111.000000000,42.200000000,0.497000000,0.453000000,1.000000000
113.000000000,42.200000000,0.496000000,0.493000000,1.000000000
115.000000000,42.200000000,0.492000000,0.520000000,1.000000000
116.000000000,42.200000000,0.489000000,0.536000000,1.000000000
56.400000000,44.000000000,0.023500000,0.103000000,0.000000000
58.200000000,44.000000000,-0.015000000,-0.062900000,0.000000000
60.000000000,44.000000000,0.020400000,-0.005900000,0.000000000
61.900000000,44.000000000,0.484000000,0.421000000,1.000000000
63.700000000,44.000000000,0.487000000,0.437000000,1.000000000
65.500000000,44.000000000,0.490000000,0.451000000,1.000000000
67.300000000,44.000000000,0.492000000,0.461000000,1.000000000
69.100000000,44.000000000,0.494000000,0.468000000,1.000000000
71.000000000,44.000000000,0.494000000,0.484000000,1.000000000
72.800000000,44.000000000,0.493000000,0.501000000,1.000000000
74.600000000,44.000000000,0.491000000,0.518000000,0.000000000
76.400000000,44.000000000,0.488000000,0.537000000,0.000000000
78.200000000,44.000000000,0.482000000,0.560000000,0.000000000
80.100000000,44.000000000,0.472000000,0.586000000,0.000000000
81.900000000,44.000000000,0.457000000,0.615000000,0.000000000
83.700000000,44.000000000,0.440000000,0.643000000,0.000000000
85.500000000,44.000000000,0.421000000,0.668000000,0.000000000
87.300000000,44.000000000,0.403000000,0.688000000,0.000000000
89.100000000,44.000000000,0.389000000,0.702000000,0.000000000
91.000000000,44.000000000,0.376000000,0.714000000,0.000000000
92.800000000,44.000000000,0.363000000,0.724000000,0.000000000
94.600000000,44.000000000,-0.351000000,0.267000000,0.000000000
96.400000000,44.000000000,0.000000000,1.000000000,1.000000000
98.200000000,44.000000000,0.000000000,1.000000000,1.000000000
100.000000000,44.000000000,-0.492000000,0.484000000,1.000000000
102.000000000,44.000000000,-0.492000000,0.483000000,1.000000000
104.000000000,44.000000000,0.491000000,0.519000000,1.000000000
106.000000000,44.000000000,0.489000000,0.523000000,1.000000000
107.000000000,44.000000000,0.488000000,0.527000000,1.000000000
109.000000000,44.000000000,0.485000000,0.532000000,1.000000000
111.000000000,44.000000000,-0.483000000,0.463000000,1.000000000
113.000000000,44.000000000,0.481000000,0.542000000,1.000000000
115.000000000,44.000000000,0.478000000,0.546000000,1.000000000
116.000000000,44.000000000,-0.476000000,0.452000000,1.000000000
56.400000000,45.700000000,0.000000000,1.000000000,0.000000000
58.200000000,45.700000000,-0.491000000,0.487000000,0.000000000
60.000000000,45.700000000,0.491000000,0.514000000,1.000000000
61.900000000,45.700000000,0.490000000,0.516000000,1.000000000
63.700000000,45.700000000,0.489000000,0.519000000,1.000000000
65.500000000,45.700000000,0.487000000,0.522000000,1.000000000
67.300000000,45.700000000,0.485000000,0.526000000,1.000000000
69.100000000,45.700000000,0.483000000,0.529000000,1.000000000
71.000000000,45.700000000,0.482000000,0.532000000,1.000000000
72.800000000,45.700000000,-0.481000000,0.467000000,1.000000000
74.600000000,45.700000000,-0.480000000,0.469000000,1.000000000
76.400000000,45.700000000,0.480000000,0.528000000,1.000000000
78.200000000,45.700000000,0.482000000,0.523000000,0.000000000
80.100000000,45.700000000,-0.492000000,0.486000000,0.000000000
81.900000000,45.700000000,0.500000000,0.501000000,0.000000000
83.700000000,45.700000000,-0.498000000,0.517000000,0.000000000
85.500000000,45.700000000,0.483000000,0.458000000,0.000000000
87.300000000,45.700000000,0.000000000,1.000000000,1.000000000
89.100000000,45.700000000,0.000000000,1.000000000,1.000000000
91.000000000,45.700000000,0.000000000,1.000000000,1.000000000
92.800000000,45.700000000,0.000000000,1.000000000,1.000000000
94.600000000,45.700000000,0.000000000,1.000000000,1.000000000
96.400000000,45.700000000,0.000000000,1.000000000,1.000000000
98.200000000,45.700000000,0.000000000,1.000000000,1.000000000
100.000000000,45.700000000,0.000000000,1.000000000,1.000000000
102.000000000,45.700000000,0.000000000,1.000000000,1.000000000
104.000000000,45.700000000,0.000000000,1.000000000,1.000000000
106.000000000,45.700000000,0.000000000,1.000000000,1.000000000
107.000000000,45.700000000,0.000000000,1.000000000,1.000000000
109.000000000,45.700000000,0.000000000,1.000000000,1.000000000
111.000000000,45.700000000,0.000000000,1.000000000,1.000000000
113.000000000,45.700000000,0.000000000,1.000000000,1.000000000
115.000000000,45.700000000,0.000000000,1.000000000,1.000000000
116.000000000,45.700000000,0.000000000,1.000000000,1.000000000
56.400000000,47.500000000,0.000000000,1.000000000,0.000000000
58.200000000,47.500000000,0.000000000,1.000000000,1.000000000
60.000000000,47.500000000,0.000000000,1.000000000,1.000000000
61.900000000,47.500000000,0.000000000,1.000000000,1.000000000
63.700000000,47.500000000,0.000000000,1.000000000,1.000000000
65.500000000,47.500000000,0.000000000,1.000000000,1.000000000
67.300000000,47.500000000,0.000000000,1.000000000,1.000000000
69.100000000,47.500000000,0.000000000,1.000000000,1.000000000
71.000000000,47.500000000,0.000000000,1.000000000,1.000000000
72.800000000,47.500000000,0.000000000,1.000000000,1.000000000
74.600000000,47.500000000,0.000000000,1.000000000,1.000000000
76.400000000,47.500000000,0.000000000,1.000000000,1.000000000
78.200000000,47.500000000,0.000000000,1.000000000,1.000000000
80.100000000,47.500000000,0.000000000,1.000000000,1.000000000
81.900000000,47.500000000,-0.491000000,0.488000000,1.000000000
83.700000000,47.500000000,0.490000000,0.513000000,1.000000000
85.500000000,47.500000000,0.489000000,0.515000000,1.000000000
87.300000000,47.500000000,0.487000000,0.517000000,1.000000000
89.100000000,47.500000000,0.485000000,0.520000000,1.000000000
91.000000000,47.500000000,0.483000000,0.523000000,1.000000000
92.800000000,47.500000000,0.482000000,0.526000000,1.000000000
94.600000000,47.500000000,0.481000000,0.528000000,1.000000000
96.400000000,47.500000000,0.481000000,0.529000000,1.000000000
98.200000000,47.500000000,0.482000000,0.528000000,1.000000000
100.000000000,47.500000000,0.484000000,0.526000000,1.000000000
102.000000000,47.500000000,0.486000000,0.523000000,1.000000000
104.000000000,47.500000000,0.490000000,0.519000000,1.000000000
106.000000000,47.500000000,-0.495000000,0.488000000,1.000000000
107.000000000,47.500000000,-0.500000000,0.497000000,1.000000000
109.000000000,47.500000000,-0.500000000,0.502000000,1.000000000
111.000000000,47.500000000,-0.496000000,0.505000000,1.000000000
113.000000000,47.500000000,-0.489000000,0.502000000,1.000000000
115.000000000,47.500000000,0.000000000,1.000000000,1.000000000
116.000000000,47.500000000,0.000000000,1.000000000,1.000000000
56.400000000,49.300000000,0.480000000,0.537000000,1.000000000
58.200000000,49.300000000,0.482000000,0.537000000,1.000000000
60.000000000,49.300000000,0.485000000,0.537000000,1.000000000
61.900000000,49.300000000,-0.489000000,0.466000000,1.000000000
63.700000000,49.300000000,-0.493000000,0.470000000,1.000000000
65.500000000,49.300000000,-0.497000000,0.479000000,1.000000000
67.300000000,49.300000000,-0.499000000,0.490000000,1.000000000
69.100000000,49.300000000,-0.500000000,0.495000000,1.000000000
71.000000000,49.300000000,0.500000000,0.494000000,1.000000000
72.800000000,49.300000000,-0.495000000,0.549000000,1.000000000
74.600000000,49.300000000,0.000000000,1.000000000,1.000000000
76.400000000,49.300000000,0.000000000,1.000000000,1.000000000
78.200000000,49.300000000,0.000000000,1.000000000,1.000000000
80.100000000,49.300000000,0.000000000,1.000000000,1.000000000
81.900000000,49.300000000,0.000000000,1.000000000,1.000000000
83.700000000,49.300000000,0.000000000,1.000000000,1.000000000
85.500000000,49.300000000,0.000000000,1.000000000,1.000000000
87.300000000,49.300000000,0.000000000,1.000000000,1.000000000
89.100000000,49.300000000,0.000000000,1.000000000,1.000000000
91.000000000,49.300000000,0.000000000,1.000000000,1.000000000
92.800000000,49.300000000,0.000000000,1.000000000,1.000000000
94.600000000,49.300000000,0.000000000,1.000000000,1.000000000
96.400000000,49.300000000,0.000000000,1.000000000,1.000000000
98.200000000,49.300000000,0.000000000,1.000000000,1.000000000
100.000000000,49.300000000,0.000000000,1.000000000,1.000000000
102.000000000,49.300000000,0.000000000,1.000000000,1.000000000
104.000000000,49.300000000,0.000000000,1.000000000,1.000000000
106.000000000,49.300000000,-0.492000000,0.484000000,1.000000000
107.000000000,49.300000000,0.491000000,0.517000000,1.000000000
109.000000000,49.300000000,0.489000000,0.519000000,1.000000000
111.000000000,49.300000000,0.487000000,0.522000000,1.000000000
113.000000000,49.300000000,0.484000000,0.526000000,1.000000000
115.000000000,49.300000000,0.481000000,0.530000000,1.000000000
116.000000000,49.300000000,0.479000000,0.534000000,0.000000000
56.400000000,51.000000000,0.019800000,0.284000000,1.000000000
58.200000000,51.000000000,0.023100000,0.341000000,1.000000000
60.000000000,51.000000000,-0.023400000,0.607000000,1.000000000
61.900000000,51.000000000,-0.021200000,0.517000000,1.000000000
63.700000000,51.000000000,-0.483000000,0.159000000,1.000000000
65.500000000,51.000000000,0.500000000,0.316000000,1.000000000
67.300000000,51.000000000,0.501000000,0.354000000,1.000000000
69.100000000,51.000000000,0.509000000,0.368000000,1.000000000
71.000000000,51.000000000,0.485000000,0.533000000,1.000000000
72.800000000,51.000000000,0.482000000,0.537000000,1.000000000
74.600000000,51.000000000,0.480000000,0.542000000,1.000000000
76.400000000,51.000000000,0.477000000,0.546000000,1.000000000
78.200000000,51.000000000,0.476000000,0.550000000,1.000000000
80.100000000,51.000000000,0.476000000,0.554000000,1.000000000
81.900000000,51.000000000,0.477000000,0.558000000,1.000000000
83.700000000,51.000000000,0.479000000,0.561000000,1.000000000
85.500000000,51.000000000,0.481000000,0.563000000,1.000000000
87.300000000,51.000000000,-0.483000000,0.436000000,1.000000000
89.100000000,51.000000000,-0.486000000,0.438000000,1.000000000
91.000000000,51.000000000,-0.489000000,0.446000000,1.000000000
92.800000000,51.000000000,0.494000000,0.537000000,1.000000000
94.600000000,51.000000000,-0.498000000,0.500000000,1.000000000
96.400000000,51.000000000,-0.495000000,0.567000000,1.000000000
98.200000000,51.000000000,0.475000000,0.349000000,1.000000000
100.000000000,51.000000000,0.000000000,1.000000000,1.000000000
102.000000000,51.000000000,0.000000000,1.000000000,1.000000000
104.000000000,51.000000000,0.000000000,1.000000000,1.000000000
106.000000000,51.000000000,0.000000000,1.000000000,1.000000000
107.000000000,51.000000000,0.000000000,1.000000000,1.000000000
109.000000000,51.000000000,0.000000000,1.000000000,1.000000000
111.000000000,51.000000000,0.000000000,1.000000000,1.000000000
113.000000000,51.000000000,0.001090000,0.820000000,1.000000000
115.000000000,51.000000000,-0.008990000,0.831000000,0.000000000
116.000000000,51.000000000,-0.024100000,0.842000000,0.000000000
56.400000000,52.800000000,-0.485000000,0.620000000,1.000000000
58.200000000,52.800000000,0.452000000,0.305000000,1.000000000
60.000000000,52.800000000,0.000000000,1.000000000,1.000000000
61.900000000,52.800000000,0.000000000,1.000000000,1.000000000
63.700000000,52.800000000,0.000000000,1.000000000,1.000000000
65.500000000,52.800000000,-0.004610000,0.173000000,1.000000000
67.300000000,52.800000000,0.011600000,0.823000000,1.000000000
69.100000000,52.800000000,-0.016100000,0.189000000,1.000000000
71.000000000,52.800000000,-0.019500000,0.214000000,1.000000000
72.800000000,52.800000000,0.025700000,0.747000000,1.000000000
74.600000000,52.800000000,-0.019700000,0.275000000,1.000000000
76.400000000,52.800000000,-0.014500000,0.293000000,1.000000000
78.200000000,52.800000000,-0.002880000,0.323000000,1.000000000
80.100000000,52.800000000,0.001470000,0.365000000,1.000000000
81.900000000,52.800000000,-0.000218000,0.583000000,1.000000000
83.700000000,52.800000000,0.003390000,0.540000000,1.000000000
85.500000000,52.800000000,-0.012200000,0.496000000,1.000000000
87.300000000,52.800000000,-0.478000000,-0.084300000,1.000000000
89.100000000,52.800000000,0.499000000,-0.114000000,1.000000000
91.000000000,52.800000000,0.481000000,-0.222000000,1.000000000
92.800000000,52.800000000,-0.520000000,-0.366000000,1.000000000
94.600000000,52.800000000,0.521000000,0.377000000,1.000000000
96.400000000,52.800000000,0.448000000,-0.285000000,1.000000000
98.200000000,52.800000000,-0.446000000,0.288000000,0.000000000
100.000000000,52.800000000,0.480000000,0.559000000,0.000000000
102.000000000,52.800000000,0.478000000,0.563000000,1.000000000
104.000000000,52.800000000,0.476000000,0.567000000,1.000000000
106.000000000,52.800000000,0.475000000,0.571000000,1.000000000
107.000000000,52.800000000,0.474000000,0.573000000,1.000000000
109.000000000,52.800000000,0.473000000,0.575000000,1.000000000
111.000000000,52.800000000,0.473000000,0.575000000,1.000000000
113.000000000,52.800000000,-0.473000000,0.427000000,0.000000000
115.000000000,52.800000000,-0.474000000,0.433000000,0.000000000
116.000000000,52.800000000,0.477000000,0.556000000,0.000000000
56.400000000,54.500000000,-0.463000000,0.348000000,0.000000000
58.200000000,54.500000000,0.499000000,0.473000000,1.000000000
60.000000000,54.500000000,0.479000000,0.571000000,1.000000000
61.900000000,54.500000000,0.477000000,0.574000000,1.000000000
63.700000000,54.500000000,-0.474000000,0.424000000,1.000000000
65.500000000,54.500000000,-0.472000000,0.422000000,1.000000000
67.300000000,54.500000000,0.471000000,0.578000000,1.000000000
69.100000000,54.500000000,0.470000000,0.576000000,1.000000000
71.000000000,54.500000000,0.469000000,0.571000000,1.000000000
72.800000000,54.500000000,0.468000000,0.563000000,1.000000000
74.600000000,54.500000000,0.464000000,0.552000000,1.000000000
76.400000000,54.500000000,-0.468000000,0.464000000,1.000000000
78.200000000,54.500000000,-0.922000000,-0.155000000,1.000000000
80.100000000,54.500000000,0.060800000,-0.218000000,1.000000000
81.900000000,54.500000000,0.050700000,-0.330000000,1.000000000
83.700000000,54.500000000,-0.049400000,0.399000000,1.000000000
85.500000000,54.500000000,-0.341000000,0.233000000,1.000000000
87.300000000,54.500000000,0.055100000,0.798000000,1.000000000
89.100000000,54.500000000,-0.008280000,0.219000000,1.000000000
91.000000000,54.500000000,-0.019600000,0.229000000,1.000000000
92.800000000,54.500000000,-0.014900000,0.245000000,0.000000000
94.600000000,54.500000000,0.002140000,0.248000000,0.000000000
96.400000000,54.500000000,-0.026500000,0.808000000,0.000000000
98.200000000,54.500000000,0.022500000,0.116000000,0.000000000
100.000000000,54.500000000,-0.018100000,0.917000000,0.000000000
102.000000000,54.500000000,-0.011700000,0.900000000,0.000000000
104.000000000,54.500000000,0.000000000,1.000000000,0.000000000
106.000000000,54.500000000,0.000000000,1.000000000,0.000000000
107.000000000,54.500000000,0.000000000,1.000000000,1.000000000
109.000000000,54.500000000,0.000000000,1.000000000,1.000000000
111.000000000,54.500000000,-0.494000000,0.455000000,0.000000000
113.000000000,54.500000000,0.494000000,0.547000000,0.000000000
115.000000000,54.500000000,0.543000000,0.501000000,0.000000000
116.000000000,54.500000000,-0.521000000,-0.536000000,0.000000000
56.400000000,56.300000000,-0.008910000,0.011200000,0.000000000
58.200000000,56.300000000,-0.004480000,0.003200000,1.000000000
60.000000000,56.300000000,0.000000000,1.000000000,1.000000000
61.900000000,56.300000000,0.000000000,1.000000000,1.000000000
63.700000000,56.300000000,0.000000000,1.000000000,1.000000000
65.500000000,56.300000000,0.000000000,1.000000000,1.000000000
67.300000000,56.300000000,0.000000000,1.000000000,1.000000000
69.100000000,56.300000000,-0.493000000,0.444000000,1.000000000
71.000000000,56.300000000,0.492000000,0.563000000,1.000000000
72.800000000,56.300000000,0.490000000,0.570000000,1.000000000
74.600000000,56.300000000,-0.457000000,0.424000000,0.000000000
76.400000000,56.300000000,0.513000000,0.577000000,0.000000000
78.200000000,56.300000000,-0.462000000,0.419000000,0.000000000
80.100000000,56.300000000,-0.475000000,0.419000000,0.000000000
81.900000000,56.300000000,0.486000000,0.581000000,0.000000000
83.700000000,56.300000000,0.476000000,0.583000000,0.000000000
85.500000000,56.300000000,0.476000000,0.587000000,0.000000000
87.300000000,56.300000000,0.473000000,0.591000000,0.000000000
89.100000000,56.300000000,-0.010100000,0.045700000,0.000000000
91.000000000,56.300000000,-0.012500000,0.045500000,0.000000000
92.800000000,56.300000000,0.011900000,-0.039200000,0.000000000
94.600000000,56.300000000,0.935000000,0.154000000,0.000000000
96.400000000,56.300000000,0.005260000,-0.002540000,0.000000000
98.200000000,56.300000000,-0.022200000,0.040400000,0.000000000
100.000000000,56.300000000,-0.042600000,0.090200000,0.000000000
102.000000000,56.300000000,0.924000000,0.100000000,0.000000000
104.000000000,56.300000000,-0.069400000,0.166000000,0.000000000
106.000000000,56.300000000,-0.047200000,0.192000000,0.000000000
107.000000000,56.300000000,-0.032700000,0.200000000,0.000000000
109.000000000,56.300000000,-0.942000000,-0.053500000,0.000000000
111.000000000,56.300000000,-0.134000000,0.287000000,0.000000000
113.000000000,56.300000000,0.073800000,0.783000000,0.000000000
115.000000000,56.300000000,0.019200000,0.227000000,0.000000000
116.000000000,56.300000000,0.049600000,0.192000000,0.000000000
56.400000000,58.100000000,0.311000000,-0.237000000,1.000000000
58.200000000,58.100000000,-0.020400000,0.236000000,1.000000000
60.000000000,58.100000000,0.933000000,0.018900000,1.000000000
61.900000000,58.100000000,-0.064400000,0.185000000,1.000000000
63.700000000,58.100000000,-0.062100000,0.180000000,1.000000000
65.500000000,58.100000000,-0.950000000,-0.051200000,1.000000000
67.300000000,58.100000000,-0.034100000,0.136000000,1.000000000
69.100000000,58.100000000,-0.056800000,0.162000000,1.000000000
71.000000000,58.100000000,-0.811000000,-0.142000000,0.000000000
72.800000000,58.100000000,-0.090400000,0.238000000,0.000000000
74.600000000,58.100000000,0.008910000,0.142000000,0.000000000
76.400000000,58.100000000,0.018700000,0.054600000,0.000000000
78.200000000,58.100000000,0.016900000,0.008720000,0.000000000
80.100000000,58.100000000,-0.011000000,0.999000000,0.000000000
81.900000000,58.100000000,0.004450000,0.024900000,0.000000000
83.700000000,58.100000000,0.002070000,0.087700000,0.000000000
85.500000000,58.100000000,0.000000000,1.000000000,0.000000000
87.300000000,58.100000000,0.000000000,1.000000000,0.000000000
89.100000000,58.100000000,0.000000000,1.000000000,0.000000000
91.000000000,58.100000000,0.000000000,1.000000000,0.000000000
92.800000000,58.100000000,-0.471000000,0.351000000,0.000000000
94.600000000,58.100000000,0.471000000,0.649000000,0.000000000
96.400000000,58.100000000,0.517000000,0.600000000,0.000000000
98.200000000,58.100000000,0.445000000,-0.355000000,0.000000000
100.000000000,58.100000000,0.456000000,-0.368000000,0.000000000
102.000000000,58.100000000,0.488000000,0.586000000,0.000000000
104.000000000,58.100000000,0.502000000,-0.333000000,0.000000000
106.000000000,58.100000000,0.503000000,-0.328000000,0.000000000
107.000000000,58.100000000,0.456000000,0.559000000,0.000000000
109.000000000,58.100000000,-0.474000000,0.394000000,0.000000000
111.000000000,58.100000000,0.468000000,0.612000000,0.000000000
113.000000000,58.100000000,-0.021400000,0.084300000,0.000000000
115.000000000,58.100000000,0.913000000,0.198000000,0.000000000
116.000000000,58.100000000,0.870000000,0.244000000,0.000000000
56.400000000,59.800000000,0.495000000,0.645000000,1.000000000
58.200000000,59.800000000,0.480000000,0.640000000,1.000000000
60.000000000,59.800000000,0.432000000,0.597000000,1.000000000
61.900000000,59.800000000,0.408000000,0.554000000,1.000000000
63.700000000,59.800000000,0.417000000,0.539000000,1.000000000
65.500000000,59.800000000,0.469000000,0.631000000,1.000000000
67.300000000,59.800000000,-0.471000000,0.379000000,1.000000000
69.100000000,59.800000000,0.470000000,0.618000000,0.000000000
71.000000000,59.800000000,-0.015900000,0.087300000,0.000000000
72.800000000,59.800000000,0.920000000,0.192000000,0.000000000
74.600000000,59.800000000,0.864000000,0.250000000,0.000000000
76.400000000,59.800000000,0.737000000,0.333000000,0.000000000
78.200000000,59.800000000,0.558000000,0.389000000,0.000000000
80.100000000,59.800000000,0.370000000,0.401000000,0.000000000
81.900000000,59.800000000,0.732000000,-0.226000000,0.000000000
83.700000000,59.800000000,0.841000000,-0.156000000,0.000000000
85.500000000,59.800000000,-0.905000000,0.082100000,0.000000000
87.300000000,59.800000000,-0.931000000,0.026100000,0.000000000
89.100000000,59.800000000,-0.939000000,0.002230000,0.000000000
91.000000000,59.800000000,-0.951000000,0.008490000,0.000000000
92.800000000,59.800000000,-0.974000000,0.021500000,0.000000000
94.600000000,59.800000000,0.985000000,-0.021700000,0.000000000
96.400000000,59.800000000,-0.996000000,0.027800000,0.000000000
98.200000000,59.800000000,-0.298000000,0.690000000,0.000000000
100.000000000,59.800000000,0.068400000,0.278000000,0.000000000
102.000000000,59.800000000,0.027900000,0.735000000,0.000000000
104.000000000,59.800000000,-0.066900000,0.294000000,0.000000000
106.000000000,59.800000000,0.069400000,0.546000000,0.000000000
107.000000000,59.800000000,0.046600000,0.531000000,0.000000000
109.000000000,59.800000000,-0.030700000,0.445000000,0.000000000
111.000000000,59.800000000,0.019300000,0.589000000,0.000000000
113.000000000,59.800000000,-0.014300000,0.351000000,0.000000000
115.000000000,59.800000000,0.019200000,0.731000000,0.000000000
116.000000000,59.800000000,0.481000000,0.497000000,0.000000000
56.400000000,61.600000000,0.500000000,0.501000000,1.000000000
58.200000000,61.600000000,0.470000000,0.512000000,1.000000000
60.000000000,61.600000000,0.184000000,0.470000000,1.000000000
61.900000000,61.600000000,0.025000000,0.413000000,1.000000000
63.700000000,61.600000000,-0.105000000,0.204000000,1.000000000
65.500000000,61.600000000,0.118000000,0.854000000,1.000000000
67.300000000,61.600000000,0.102000000,0.875000000,0.000000000
69.100000000,61.600000000,0.073800000,0.887000000,0.000000000
71.000000000,61.600000000,0.047000000,0.899000000,0.000000000
72.800000000,61.600000000,0.025500000,0.916000000,0.000000000
74.600000000,61.600000000,0.488000000,0.597000000,0.000000000
76.400000000,61.600000000,0.430000000,-0.278000000,0.000000000
78.200000000,61.600000000,0.482000000,0.636000000,0.000000000
80.100000000,61.600000000,0.464000000,0.664000000,0.000000000
81.900000000,61.600000000,0.439000000,0.666000000,0.000000000
83.700000000,61.600000000,0.415000000,0.653000000,0.000000000
85.500000000,61.600000000,0.432000000,-0.188000000,0.000000000
87.300000000,61.600000000,0.426000000,0.719000000,0.000000000
89.100000000,61.600000000,0.437000000,0.699000000,0.000000000
91.000000000,61.600000000,0.454000000,0.668000000,0.000000000
92.800000000,61.600000000,0.474000000,0.621000000,0.000000000
94.600000000,61.600000000,0.003380000,0.057100000,0.000000000
96.400000000,61.600000000,0.964000000,0.114000000,0.000000000
98.200000000,61.600000000,0.962000000,0.114000000,0.000000000
100.000000000,61.600000000,-0.005670000,-0.043800000,0.000000000
102.000000000,61.600000000,0.026300000,-0.097900000,0.000000000
104.000000000,61.600000000,0.631000000,-0.272000000,0.000000000
106.000000000,61.600000000,0.747000000,-0.229000000,0.000000000
107.000000000,61.600000000,0.802000000,-0.197000000,0.000000000
109.000000000,61.600000000,0.864000000,-0.149000000,0.000000000
111.000000000,61.600000000,0.002160000,0.201000000,0.000000000
113.000000000,61.600000000,-0.022800000,0.144000000,0.000000000
115.000000000,61.600000000,-0.031400000,0.096200000,0.000000000
116.000000000,61.600000000,-0.030900000,0.055400000,0.000000000
56.400000000,63.300000000,-0.019800000,0.024800000,1.000000000
58.200000000,63.300000000,-0.024500000,0.053900000,1.000000000
60.000000000,63.300000000,-0.025900000,0.092500000,1.000000000
61.900000000,63.300000000,0.955000000,-0.037800000,1.000000000
63.700000000,63.300000000,0.929000000,-0.082300000,0.000000000
65.500000000,63.300000000,0.904000000,-0.110000000,0.000000000
67.300000000,63.300000000,0.904000000,-0.106000000,0.000000000
69.100000000,63.300000000,0.919000000,-0.084000000,0.000000000
71.000000000,63.300000000,-0.006670000,0.187000000,0.000000000
72.800000000,63.300000000,-0.020500000,0.137000000,0.000000000
74.600000000,63.300000000,-0.024700000,0.061100000,0.000000000
76.400000000,63.300000000,-0.012900000,0.002430000,0.000000000
78.200000000,63.300000000,0.493000000,0.554000000,0.000000000
80.100000000,63.300000000,0.495000000,0.566000000,0.000000000
81.900000000,63.300000000,-0.483000000,0.371000000,0.000000000
83.700000000,63.300000000,0.435000000,0.746000000,0.000000000
85.500000000,63.300000000,-0.342000000,0.137000000,0.000000000
87.300000000,63.300000000,0.208000000,0.947000000,0.000000000
89.100000000,63.300000000,0.143000000,0.962000000,0.000000000
91.000000000,63.300000000,0.106000000,0.951000000,0.000000000
92.800000000,63.300000000,0.061900000,0.938000000,0.000000000
94.600000000,63.300000000,-0.024600000,0.073200000,0.000000000
96.400000000,63.300000000,0.006060000,0.925000000,0.000000000
98.200000000,63.300000000,-0.450000000,0.237000000,0.000000000
100.000000000,63.300000000,0.457000000,0.572000000,0.000000000
102.000000000,63.300000000,0.482000000,-0.307000000,0.000000000
104.000000000,63.300000000,0.471000000,-0.260000000,0.000000000
106.000000000,63.300000000,0.450000000,-0.222000000,0.000000000
107.000000000,63.300000000,0.436000000,0.600000000,0.000000000
109.000000000,63.300000000,0.428000000,0.708000000,0.000000000
111.000000000,63.300000000,0.430000000,0.706000000,0.000000000
113.000000000,63.300000000,0.441000000,0.689000000,0.000000000
115.000000000,63.300000000,0.461000000,0.653000000,0.000000000
116.000000000,63.300000000,0.481000000,0.603000000,0.000000000
