[-1.         11.70099862],[-0.6       11.6869156],[-0.2        11.67215309],[ 0.2        11.65739058],[ 0.6        11.64327987],[ 1.         11.62948114],[ 1.4        11.61572119],[ 1.8        11.60462805],[ 2.2        11.59353492],[ 2.6        11.58225797],[ 3.         11.57064083],[ 3.4       11.5590237],[ 3.8        11.54207527],[ 4.2        11.52269831],[ 4.6       11.5028915],[ 5.         11.46820339],[ 5.4        11.43351529],[ 5.8        11.39278207],[ 6.2        11.34235019],[ 6.6        11.29191832],[ 7.         11.23241586],[ 7.4        11.17008003],[ 7.8       11.1082757],[ 8.2        11.04922028],[ 8.6        10.99016486],[ 9.         10.93416644],[ 9.4        10.88060026],[ 9.8        10.82703408],[10.2        10.77563672],[10.6        10.72437357],[11.         10.67121084],[11.4        10.61408313],[11.8        10.55695541],[12.2        10.48793328],[12.6       10.4142826],[13.        10.3404755],[13.4        10.26576032],[13.8        10.19104514],[14.2        10.12376112],[14.6        10.06188056],[15. 10.],[15.4         9.96798488],[15.8         9.93596976],[16.2         9.91809248],[16.6        9.9213656],[17.          9.92463872],[17.4         9.94612916],[17.8         9.96901843],[18.2         9.98241576],[18.6         9.98369137],[19.          9.98496698],[19.4         9.96431514],[19.8         9.93811579],[20.2        9.9193419],[20.6         9.90704119],[21.          9.89474048],[21.4         9.92556627],[21.8        10.00205514],[22.2        10.11405792],[22.6        10.23597705],[23.         10.33558693],[23.4        10.42633294],[23.8        10.47919611],[24.2       10.5080262],[24.6        10.51646726],[25.         10.49734632],[25.4        10.47268367],[25.8        10.44313181],[26.2        10.41341793],[26.6        10.39170925],[27.         10.37299365],[27.4        10.35566094],[27.8        10.34464277],[28.2       10.3336246],[28.6        10.32901695],[29.        10.3285969],[29.4        10.32817685],[29.8        10.34182016],[30.2        10.35581271]
[-0.6         2.82556648],[-0.2        3.1464764],[0.2        3.47188528],[0.6       3.8012157],[1.         4.09498627],[1.4        4.35290479],[1.8        4.56704776],[2.2        4.72112626],[2.6        4.83511048],[3.         4.93010595],[3.4        4.99570145],[3.8        5.04791069],[4.2        5.09917269],[4.6        5.14082913],[4.2        5.09917269],[4.6        5.14082913],[5.         5.18248557],[5.4        5.23541871],[5.8        5.30007592],[6.2        5.36473313],[6.6        5.44816147],[7.         5.53236071],[7.4        5.62572089],[7.8        5.72865658],[8.2        5.83272795],[8.6        5.95593204],[9.         6.07913614],[9.4        6.20243959],[9.8        6.32579356],[10.2         6.44911327],[10.6         6.57235217],[11.          6.69559107],[11.4         6.81869843],[11.8         6.94179895],[12.2         7.07171754],[12.6         7.20673185],[13.          7.34611359],[13.4         7.50070368],[13.8         7.65529376],[14.2         7.81892219],[14.6        7.9829443],[15.          8.14696805],[15.4         8.31099246],[15.8         8.47069925],[16.2         8.62533062],[16.6         8.77303582],[17.          8.89218165],[17.4         9.01132747],[17.8         9.09014926],[18.2         9.14762652],[18.6         9.15914979],[19.          9.15966903],[19.4         9.14789429],[19.8         9.15951382],[20.2         9.17275349],[20.6         9.19751495],[21.          9.24218847],[21.4         9.32516342],[21.8         9.45992762]
[15.54381884 -0.77829857],[15.94381884 -0.55019265],[16.34381884 -0.30628542],[16.74381884 -0.04741893],[17.14381884  0.21707697],[17.54381884  0.48561095],[17.94381884  0.74157799],[18.34381884  0.99154837],[18.74381884  1.22771238],[19.14381884  1.45811003],[19.54381884  1.68001803],[19.94381884  1.89763564],[20.34381884  2.10948717],[20.74381884  2.31711626],[21.14381884  2.52269223],[21.54381884  2.72577903],[21.94381884  2.93029264],[22.34381884  3.13793553],[22.74381884  3.34756013],[23.14381884  3.5652899 ],[23.54381884  3.78504718],[23.94381884  4.02035871],[24.34381884  4.25829306],[24.74381884  4.51941091],[24.34381884  4.25829306],[24.74381884  4.51941091],[25.14381884  4.78631973],[25.54381884  5.07971276],[25.94381884  5.38938119],[26.34381884  5.72730605],[26.74381884  6.10237455],[27.14381884  6.50330198],[27.54381884  6.9516484 ],[27.94381884  7.38642279],[28.34381884  7.77637851],[28.74381884  8.0800753 ],[29.14381884  8.28854159],[29.54381884  8.43187846],[29.94381884  8.53855956],[30.34381884  8.59402865]
[15.81937678 20.68943599],[16.21937678 20.36878249],[16.61937678 20.02161085],[17.01937678 19.63924899],[17.41937678 19.23508416],[17.81937678 18.82104751],[18.21937678 18.39424444],[18.61937678 17.95264407],[19.01937678 17.48378351],[19.41937678 16.97951793],[19.81937678 16.44800631],[19.41937678 16.97951793],[19.81937678 16.44800631],[20.21937678 15.89264877],[20.61937678 15.34271002],[21.01937678 14.84863954],[21.41937678 14.46405868],[21.81937678 14.10178739],[22.21937678 13.764199  ],[22.61937678 13.42954261],[23.01937678 13.09602091],[23.41937678 12.76511563],[23.81937678 12.43777017],[24.21937678 12.11564532],[24.61937678 11.82005515],[25.01937678 11.53653178],[25.41937678 11.30401519],[25.81937678 11.1088396 ],[26.21937678 10.95202178]
[ 9.60149588 20.66988196],[10.00149588 20.31229322],[10.40149588 19.86426805],[10.80149588 19.35898578],[11.20149588 18.80796124],[11.60149588 18.24039465],[12.00149588 17.66184529],[12.40149588 17.08828559],[12.80149588 16.53120217],[12.40149588 17.08828559],[12.80149588 16.53120217],[13.20149588 16.00176254],[13.60149588 15.50570595],[14.00149588 15.0428049 ],[14.40149588 14.63321914],[14.80149588 14.24880533],[15.20149588 13.88742806],[15.60149588 13.56768731],[16.00149588 13.26149693],[16.40149588 13.00135536],[16.80149588 12.75955497],[17.20149588 12.57347669],[17.60149588 12.45507358],[18.00149588 12.3627485 ],[18.40149588 12.30751167],[18.80149588 12.28078608],[19.20149588 12.2627092 ],[19.60149588 12.26096719],[20.00149588 12.26217912],[20.40149588 12.24821949],[20.80149588 12.22491405],[21.20149588 12.16553777],[21.60149588 12.09500049],[22.00149588 11.99468812],[22.40149588 11.89098699],[22.80149588 11.75071204],[23.20149588 11.6104371 ],[23.60149588 11.4649961 ],[24.00149588 11.31854136],[24.40149588 11.18534042],[24.80149588 11.05455276]
[ 2.4478362  20.63758597],[ 2.8478362  20.24363843],[ 3.2478362 19.7512418],[ 3.6478362  19.22961755],[ 4.0478362 18.7150307],[ 4.4478362 18.2315338],[ 4.8478362  17.79301469],[ 5.2478362  17.39781469],[ 5.6478362  17.04251559],[ 6.0478362  16.75852127],[ 6.4478362  16.50143665],[ 6.0478362  16.75852127],[ 6.4478362  16.50143665],[ 6.8478362  16.28643663],[ 7.2478362  16.08103681],[ 7.6478362  15.89609601],[ 8.0478362  15.71336265],[ 8.4478362  15.54353418],[ 8.8478362  15.37370572],[ 9.2478362  15.21407337],[ 9.6478362  15.05541845],[10.0478362 14.9007392],[10.4478362  14.74841304],[10.8478362  14.59636516],[11.2478362  14.44486963],[11.6478362  14.29280429],[12.0478362  14.12911891],[12.4478362  13.96543352],[12.8478362  13.78292048],[13.2478362  13.59535394],[13.6478362  13.39501367],[14.0478362 13.1865908],[14.4478362  12.97440083],[14.8478362 12.7585716],[15.2478362  12.54725317],[15.6478362  12.34212251],[16.0478362  12.14857046],[16.4478362  11.98297016],[16.8478362  11.81947454],[17.2478362  11.72083903],[17.6478362  11.66450547],[18.0478362  11.63778889],[18.4478362 11.6417292],[18.8478362  11.66380199],[19.2478362  11.69789625],[19.6478362  11.73206831]
[21.21953613 20.80146482],[21.61953613 20.59034961],[22.01953613 20.36260414],[22.41953613 20.09686292],[22.81953613 19.81032904],[23.21953613 19.49276754],[23.61953613 19.15509215],[24.01953613 18.80683269],[24.41953613 18.43186404],[24.81953613 18.0431049 ],[25.21953613 17.63617696],[25.61953613 17.20147596],[26.01953613 16.75147112],[25.61953613 17.20147596],[26.01953613 16.75147112],[26.41953613 16.29414588],[26.81953613 15.86443404],[27.21953613 15.52392384],[27.61953613 15.28934621],[28.01953613 15.11624207],[28.41953613 15.0163408 ],[28.81953613 14.96524867],[29.21953613 14.93981848],[29.61953613 14.9876856 ],[30.01953613 15.05526637]
[10.31276136 -0.69502421],[10.71276136 -0.37586422],[11.11276136 -0.03046051],[11.51276136  0.36373527],[11.91276136  0.78377001],[12.31276136  1.22181495],[12.71276136  1.67418962],[13.11276136  2.13929007],[13.51276136  2.61895755],[13.11276136  2.13929007],[13.51276136  2.61895755],[13.91276136  3.11855341],[14.31276136  3.63711735],[14.71276136  4.17051782],[15.11276136  4.71396006],[15.51276136  5.26052111],[15.91276136  5.80361065],[16.31276136  6.31731368],[16.71276136  6.78411543],[17.11276136  7.19946949],[17.51276136  7.54556904],[17.91276136  7.7889618 ],[18.31276136  7.99793621],[18.71276136  8.15307839],[19.11276136  8.26304038],[19.51276136  8.36965938],[19.91276136  8.473739  ],[20.31276136  8.57803827],[20.71276136  8.70897785]
[-0.6        16.63470143],[-0.2        16.37961745],[ 0.2        16.12997449],[ 0.6       15.8890243],[ 1.         15.68262922],[ 1.4        15.50007024],[ 1.8        15.34978287],[ 2.2        15.22360711],[ 1.8        15.34978287],[ 2.2        15.22360711],[ 2.6        15.10396788],[ 3.         15.01804554],[ 3.4        14.93212319],[ 3.8        14.86314368],[ 4.2        14.80430807],[ 4.6       14.7460372],[ 5.         14.70532042],[ 5.4        14.66460363],[ 5.8        14.63032617],[ 6.2       14.6052173],[ 6.6        14.58010843],[ 7.         14.55055244],[ 7.4        14.51978288],[ 7.8        14.48542435],[ 8.2        14.43384043],[ 8.6        14.38225651],[ 9.        14.3228466],[ 9.4        14.25796785],[ 9.8        14.19287748],[10.2        14.11881798],[10.6        14.04475849],[11.         13.96156264]
[ 6.1683164  -0.67170118],[ 6.5683164  -0.30631996],[6.9683164  0.12130746],[7.3683164  0.60406806],[7.7683164  1.13026735],[8.1683164  1.67145306],[7.7683164  1.13026735],[8.1683164  1.67145306],[8.5683164  2.22003588],[8.9683164  2.76569776],[9.3683164 3.2993114],[9.7683164  3.81336359],[10.1683164   4.29641052],[10.5683164   4.73403481],[10.9683164   5.13751353],[11.3683164  5.5059777],[11.7683164  5.8232122],[12.1683164   6.12737375],[12.5683164  6.3931477],[12.9683164   6.65399758],[13.3683164   6.89750399],[13.7683164   7.13696184]
[17.02679177 -0.80782114],[17.42679177 -0.61117623],[17.82679177 -0.41369563],[18.22679177 -0.21001763],[ 1.86267918e+01 -3.53214092e-03],[19.02679177  0.19907938],[19.42679177  0.39869463],[19.82679177  0.58858726],[20.22679177  0.76443212],[20.62679177  0.93606374],[21.02679177  1.08662798],[21.42679177  1.23719222],[21.82679177  1.3692148 ],[22.22679177  1.4975087 ],[22.62679177  1.61793537],[23.02679177  1.72758253],[23.42679177  1.83722968],[23.82679177  1.9282848 ],[24.22679177  2.01843533],[24.62679177  2.09674095],[25.02679177  2.15928646],[25.42679177  2.22183197],[25.82679177  2.2622396 ],[26.22679177  2.29840325],[26.62679177  2.33209462],[27.02679177  2.35579624],[26.62679177  2.33209462],[27.02679177  2.35579624],[27.42679177  2.37949786],[27.82679177  2.40274004],[28.22679177  2.42559495],[28.62679177  2.44844985],[29.02679177  2.47899879],[29.42679177  2.51054196],[29.82679177  2.54212661],[30.22679177  2.57384483],[30.62679177  2.60556304]
[-0.6        7.7015241],[-0.2         7.78127691],[0.2        7.86102971],[0.6        7.93910524],[1.         8.01666101],[1.4        8.09026103],[1.8        8.14834107],[1.4        8.09026103],[1.8        8.14834107],[2.2       8.2064211],[2.6        8.24930699],[3.         8.28197477],[3.4        8.31464255],[3.8        8.32576762],[4.2       8.3358703],[4.6        8.33805793],[5.         8.32101494],[5.4        8.30397194],[5.8       8.2677171],[6.2        8.22053958],[6.6       8.1708995],[7.         8.09894447],[7.4        8.02698943],[7.8        7.95483575],[8.2        7.88250269],[8.6        7.81016963],[9.        7.7580308],[9.4       7.7066751],[9.8        7.66637156],[10.2         7.64441324],[10.6         7.62245492],[11.          7.62762736],[11.4         7.64027275],[11.8         7.66574677],[12.2        7.7119107],[12.6         7.75807463]
[13.09627581 -0.74275715],[13.49627581 -0.46359027],[13.89627581 -0.17848064],[14.29627581  0.15864456],[14.69627581  0.50378705],[15.09627581  0.86271718],[15.49627581  1.21746386],[15.89627581  1.57002806],[16.29627581  1.921352  ],[16.69627581  2.27505765],[17.09627581  2.63267182],[17.49627581  3.00234646],[17.89627581  3.38047859],[18.29627581  3.77975646],[18.69627581  4.20120945],[19.09627581  4.64254657],[18.69627581  4.20120945],[19.09627581  4.64254657],[19.49627581  5.11201581],[19.89627581  5.61398032],[20.29627581  6.09511758],[20.69627581  6.54431474],[21.09627581  6.94894359],[21.49627581  7.36308057],[21.89627581  7.80054416],[22.29627581  8.28092497],[22.69627581  8.72181519],[23.09627581  9.06349082],[23.49627581  9.35088929],[23.89627581  9.57963539],[24.29627581  9.75048145],[24.69627581  9.89457393],[25.09627581  9.97850652]
[ 2.40198093 -0.61023429],[ 2.80198093 -0.17594624],[3.20198093 0.30354418],[3.60198093 0.83433964],[4.00198093 1.34546104],[3.60198093 0.83433964],[4.00198093 1.34546104],[4.40198093 1.82784007],[4.80198093 2.28183556],[5.20198093 2.71014336],[5.60198093 3.09805885],[6.00198093 3.45967208],[6.40198093 3.79955221],[6.80198093 4.0945266 ],[7.20198093 4.38115706],[7.60198093 4.63675535],[8.00198093 4.88933363],[8.40198093 5.12422102],[8.80198093 5.35557726],[9.20198093 5.56676327]
[24.02333896 20.79730596],[24.42333896 20.58449385],[24.82333896 20.35541213],[25.22333896 20.0992099 ],[25.62333896 19.83364942],[26.02333896 19.55605837],[26.42333896 19.28943937],[26.82333896 19.03125862],[27.22333896 18.7973517 ],[27.62333896 18.58148628],[27.22333896 18.7973517 ],[27.62333896 18.58148628],[28.02333896 18.41424845],[28.42333896 18.26936612],[28.82333896 18.16626676],[29.22333896 18.1027632 ],[29.62333896 18.05890544],[30.02333896 18.04994586]
[12.83410728 20.68269459],[13.23410728 20.33112224],[13.63410728 19.95361618],[14.03410728 19.4943454 ],[14.43410728 18.99899923],[14.83410728 18.48071576],[15.23410728 17.94401371],[15.63410728 17.38925401],[15.23410728 17.94401371],[15.63410728 17.38925401],[16.03410728 16.81967492],[16.43410728 16.24645016],[16.83410728 15.67882176],[17.23410728 15.14435757],[17.63410728 14.67287226],[18.03410728 14.28004021],[18.43410728 13.98881627],[18.83410728 13.76823285],[19.23410728 13.59131231],[19.63410728 13.47400812],[20.03410728 13.36499036],[20.43410728 13.26437688],[20.83410728 13.14157817],[21.23410728 13.01159028],[21.63410728 12.8660793 ],[22.03410728 12.69646278],[22.43410728 12.51825961],[22.83410728 12.30959104]
[ 6.5104585  20.65261708],[ 6.9104585  20.25652601],[ 7.3104585  19.77243136],[ 7.7104585  19.19498992],[ 7.3104585  19.77243136],[ 7.7104585  19.19498992],[ 8.1104585  18.61791076],[ 8.5104585 18.0500298],[ 8.9104585 17.5133101],[ 9.3104585  17.01627137],[ 9.7104585 16.5596073],[10.1104585  16.17004069],[10.5104585  15.81697793],[10.9104585  15.51085841],[11.3104585  15.23395276],[11.7104585  14.97283492],[12.1104585  14.72416995],[12.5104585  14.47986458]
[18.17043466 20.75331956],[18.57043466 20.50176157],[18.97043466 20.23296752],[19.37043466 19.95006626],[19.77043466 19.63852466],[20.17043466 19.31112752],[20.57043466 18.97183839],[20.97043466 18.60732078],[21.37043466 18.22749896],[21.77043466 17.81867499],[22.17043466 17.36959667],[22.57043466 16.88870379],[22.17043466 17.36959667],[22.57043466 16.88870379],[22.97043466 16.37240386],[23.37043466 15.82336162],[23.77043466 15.25277035],[24.17043466 14.67933023],[24.57043466 14.11978493],[24.97043466 13.58941715],[25.37043466 13.09439945],[25.77043466 12.6427172 ],[26.17043466 12.22881716],[26.57043466 11.84656675],[26.97043466 11.51926703],[27.37043466 11.27560854],[27.77043466 11.10352765],[28.17043466 10.97357176],[28.57043466 10.87789212],[28.97043466 10.83051094]
[-0.6        20.33366692],[-0.2        19.98277972],[ 0.2       19.5376151],[ 0.6        19.06297034],[ 1.         18.62041409],[ 0.6        19.06297034],[ 1.         18.62041409],[ 1.4        18.21267011],[ 1.8        17.86853071],[ 2.2        17.54940576],[ 2.6        17.26539738],[ 3.         17.00942059],[ 3.4       16.7744531],[ 3.8        16.56235477],[ 4.2       16.3680766],[ 4.6       16.1875593],[ 5.         16.02742704],[ 5.4        15.87175675],[ 5.8        15.74648443],[ 6.2        15.62121211],[ 6.6        15.51255718],[ 7.         15.40947469],[ 7.4        15.30600401],[ 7.8        15.20157488],[ 8.2        15.09714575]
[14.66182461 -0.76633029],[15.06182461 -0.52894999],[15.46182461 -0.25652045],[15.86182461  0.02468068],[16.26182461  0.32737799],[16.66182461  0.62926311],[17.06182461  0.92058205],[17.46182461  1.20652164],[17.86182461  1.48158481],[18.26182461  1.75316486],[18.66182461  2.02044864],[19.06182461  2.28644888],[19.46182461  2.55134707],[19.86182461  2.81947408],[20.26182461  3.08957421],[20.66182461  3.37006738],[21.06182461  3.65451779],[21.46182461  3.95957445],[21.86182461  4.27151094],[22.26182461  4.61719116],[22.66182461  4.98422667],[23.06182461  5.37739078],[23.46182461  5.8209171 ],[23.86182461  6.29658557],[24.26182461  6.80625581],[23.86182461  6.29658557],[24.26182461  6.80625581],[24.66182461  7.34484094],[25.06182461  7.9036499 ],[25.46182461  8.3845523 ],[25.86182461  8.78091525],[26.26182461  9.07087243],[26.66182461  9.29808571],[27.06182461  9.46433476],[27.46182461  9.5999272 ],[27.86182461  9.71072024],[28.26182461  9.77887811]
[20.91637055  1.83786329],[21.31637055  2.01630492],[21.71637055  2.18384427],[22.11637055  2.35138361],[22.51637055  2.510268  ],[22.91637055  2.66825453],[23.31637055  2.82402466],[23.71637055  2.97832226],[24.11637055  3.13092766],[24.51637055  3.27941166],[24.91637055  3.42789566],[25.31637055  3.56727409],[25.71637055  3.7063023 ],[26.11637055  3.84430877],[26.51637055  3.98163335],[26.91637055  4.12125101],[27.31637055  4.26816765],[27.71637055  4.41508429],[28.11637055  4.56226207],[27.71637055  4.41508429],[28.11637055  4.56226207],[28.51637055  4.70946307],[28.91637055  4.83956317],[29.31637055  4.95748922],[29.71637055  5.06760692],[30.11637055  5.13604463],[30.51637055  5.20448234]
[-0.6        -0.59952137],[-0.2        -0.29597657],[0.2        0.15119586],[0.6        0.67122837],[0.2        0.15119586],[0.6        0.67122837],[1.         1.15077305],[1.4        1.59383878],[1.8       2.0023637],[2.2        2.35340982],[2.6        2.68225827],[3.         2.96384627],[3.4        3.22295904],[3.8        3.45090399],[4.2        3.66574823],[4.6        3.85928788],[5.         4.05014695],[5.4        4.23241327],[5.8        4.41412877],[6.2        4.58908909],[6.6        4.76404941],[7.         4.93434925],[7.4        5.10385839]
[20.23703444 20.78154733],[20.63703444 20.55696426],[21.03703444 20.31558358],[21.43703444 20.05983211],[21.83703444 19.76718207],[22.23703444 19.45555887],[22.63703444 19.1218839 ],[23.03703444 18.76401499],[23.43703444 18.39256065],[23.83703444 17.98942348],[24.23703444 17.55842772],[24.63703444 17.10288821],[25.03703444 16.61817928],[25.43703444 16.10282384],[25.83703444 15.57117511],[26.23703444 15.03121306],[26.63703444 14.51084069],[27.03703444 14.07611062],[27.43703444 13.72023032],[27.83703444 13.46183162],[28.23703444 13.23244933],[28.63703444 13.04470288],[28.23703444 13.23244933],[28.63703444 13.04470288],[29.03703444 12.87342521],[29.43703444 12.75551833],[29.83703444 12.68276219],[30.23703444 12.63036086],[30.63703444 12.61050298]
[-0.6        13.96450387],[-0.2        13.85770917],[ 0.2      13.760717],[ 0.6        13.66738349],[ 0.2      13.760717],[ 0.6        13.66738349],[ 1.         13.57994628],[ 1.4        13.51364271],[ 1.8        13.44733915],[ 2.2        13.39731142],[ 2.6        13.35637916],[ 3.         13.31567979],[ 3.4        13.29211053],[ 3.8        13.26854127],[ 4.2        13.24812954],[ 4.6        13.23331612],[ 5.        13.2185027],[ 5.4        13.20346332],[ 5.8        13.18832669],[ 6.2        13.17293244],[ 6.6        13.15138069],[ 7.         13.12982894],[ 7.4        13.10697918],[ 7.8       13.0820798],[ 8.2        13.05718043],[ 8.6       13.0395473],[ 9.         13.02452765],[ 9.4        13.01071458],[ 9.8        13.01118601],[10.2        13.01165743],[10.6        13.00970396],[11.         13.00440719],[11.4        12.99911043],[11.8        12.96917945],[12.2        12.93229817],[12.6       12.8614646],[13.         12.77976596],[13.4        12.66321145],[13.8        12.53585945],[14.2        12.37444333],[14.6        12.21125747],[15.         12.03538526],[15.4        11.85903842],[15.8      11.701054]
[-0.6         5.50663994],[-0.2         5.67327323],[0.2        5.84575609],[-0.2         5.67327323],[0.2        5.84575609],[0.6       6.0210239],[1.         6.17862075],[1.4        6.31345632],[1.8        6.44450955],[2.2        6.52186931],[2.6        6.59922908],[3.         6.63603246],[3.4        6.66786978],[3.8        6.66720424],[4.2        6.65855685],[4.6        6.63832113],[5.         6.60583134],[5.4        6.57411499],[5.8        6.54483957],[6.2        6.51556414],[6.6        6.49744924],[7.         6.48657311],[7.4        6.47569697],[7.8        6.49861029],[8.2       6.5219532],[8.6        6.55750026],[9.         6.61008258]
[ 8.2596    -0.7002335],[ 8.6596     -0.36256209],[9.0596000e+00 1.8519022e-03],[9.4596    0.4308727],[9.8596     0.90269259],[10.2596      1.39452192],[10.6596      1.90282986],[11.0596      2.42901658],[10.6596      1.90282986],[11.0596      2.42901658],[11.4596      2.97157659],[11.8596      3.51950515],[12.2596      4.06568522],[12.6596    4.599354],[13.0596      5.11193465],[13.4596      5.59414972],[13.8596      6.03050502],[14.2596      6.43332563],[14.6596     6.7987872],[15.0596      7.12775868],[15.4596      7.44441373],[15.8596      7.72393747],[16.2596      7.99196904],[16.6596      8.22231655]
[-0.6         9.73879773],[-0.2         9.76359599],[0.2        9.78798665],[-0.2         9.76359599],[0.2        9.78798665],[0.6        9.81237732],[1.         9.83454963],[1.4        9.85498997],[1.8        9.87543032],[2.2        9.88597359],[2.6        9.89545868],[3.         9.90148866],[3.4        9.89663352],[3.8        9.89177838],[4.2        9.87825544],[4.6        9.85837396],[5.         9.83849248],[5.4        9.80234249],[5.8        9.76478299],[6.2       9.7219021],[6.6        9.66544846],[7.         9.60899482],[7.4        9.53806773],[7.8        9.46013075],[8.2        9.38086105],[8.6        9.29113283],[9.         9.20140461],[9.4        9.10878462],[9.8        9.01405744],[10.2         8.91987799],[10.6         8.83444977],[11.          8.74902154],[11.4         8.67642077],[11.8         8.61572236],[12.2         8.55502394],[12.6         8.52839784],[13.          8.51559979],[13.4         8.53724092],[13.8         8.57645277],[14.2         8.63012027],[14.6         8.69848161],[15.          8.77398488],[15.4        8.8521887]
[18.98790165 -0.8601101 ],[19.38790165 -0.72249922],[19.78790165 -0.58525783],[20.18790165 -0.45243399],[20.58790165 -0.32433643],[20.98790165 -0.19744311],[21.38790165 -0.08535583],[21.78790165  0.02673146],[22.18790165  0.12532489],[22.58790165  0.21539476],[22.98790165  0.30338642],[23.38790165  0.36889521],[23.78790165  0.434404  ],[24.18790165  0.48794066],[24.58790165  0.52932941],[24.98790165  0.57071816],[25.38790165  0.59422586],[25.78790165  0.61495331],[26.18790165  0.63337208],[26.58790165  0.64308112],[26.98790165  0.65279016],[27.38790165  0.66186236],[27.78790165  0.67040261],[28.18790165  0.67894285],[28.58790165  0.69094592],[28.98790165  0.70342255],[28.58790165  0.69094592],[28.98790165  0.70342255],[29.38790165  0.71630567],[29.78790165  0.73066284],[30.18790165  0.74502001]
[11.79266889 -0.72467268],[12.19266889 -0.42922891],[12.59266889 -0.12065699],[12.99266889  0.24140042],[13.39266889  0.6197503 ],[13.79266889  1.01650937],[14.19266889  1.4184361 ],[14.59266889  1.82460849],[14.99266889  2.23838709],[15.39266889  2.66423815],[15.79266889  3.10216213],[16.19266889  3.55691667],[16.59266889  4.03943308],[16.99266889  4.54275823],[17.39266889  5.06634232],[16.99266889  4.54275823],[17.39266889  5.06634232],[17.79266889  5.60124974],[18.19266889  6.11890858],[18.59266889  6.5398345 ],[18.99266889  6.8541185 ],[19.39266889  7.12096877],[19.79266889  7.34873577],[20.19266889  7.57251075],[20.59266889  7.79560385],[20.99266889  8.05439212],[21.39266889  8.32167115],[21.79266889  8.63731109],[22.19266889  8.94871356],[22.59266889  9.23942084]
[ 4.54840298 20.64433088],[ 4.94840298 20.24620086],[ 5.34840298 19.75082532],[ 4.94840298 20.24620086],[ 5.34840298 19.75082532],[ 5.74840298 19.17516781],[ 6.14840298 18.61335659],[ 6.54840298 18.07541083],[ 6.94840298 17.5828085 ],[ 7.34840298 17.14076154],[ 7.74840298 16.79313259],[ 8.14840298 16.47055636],[ 8.54840298 16.18543453],[ 8.94840298 15.92478526]
[25.04893627  4.00613751],[25.44893627  4.20407244],[25.84893627  4.40323179],[26.24893627  4.61749543],[26.64893627  4.83706953],[27.04893627  5.07760511],[27.44893627  5.32830079],[27.84893627  5.60127413],[28.24893627  5.88302396],[28.64893627  6.16214711],[29.04893627  6.41134337],[28.64893627  6.16214711],[29.04893627  6.41134337],[29.44893627  6.63316985],[29.84893627  6.78057103],[30.24893627  6.88995793],[30.64893627  6.96017144]
[22.54053805 20.77825582],[22.94053805 20.54903654],[23.34053805 20.30169829],[23.74053805 20.0368863 ],[24.14053805 19.73613446],[24.54053805 19.41898307],[24.94053805 19.08761568],[25.34053805 18.7478958 ],[25.74053805 18.40490477],[26.14053805 18.05365002],[26.54053805 17.70706408],[26.94053805 17.37398181],[27.34053805 17.08236189],[27.74053805 16.86238321],[28.14053805 16.70623777],[27.74053805 16.86238321],[28.14053805 16.70623777],[28.54053805 16.61339063],[28.94053805 16.5717486 ],[29.34053805 16.57361119],[29.74053805 16.63516405],[30.14053805 16.70734245]
[ 4.29355513 -0.65344271],[ 4.69355513 -0.27957396],[5.09355513 0.19517557],[ 4.69355513 -0.27957396],[5.09355513 0.19517557],[5.49355513 0.71862963],[5.89355513 1.26561644],[6.29355513 1.80728002],[6.69355513 2.33855691],[7.09355513 2.83730128],[7.49355513 3.30793458],[7.89355513 3.74859801],[8.29355513 4.14981942],[8.69355513 4.51264631],[9.09355513 4.85725651],[9.49355513 5.15984872],[9.89355513 5.44324213],[10.29355513  5.69758913],[10.69355513  5.93703702],[11.09355513  6.1594722 ]
[25.75536985 20.81749763],[26.15536985 20.63529267],[26.55536985 20.45764399],[26.95536985 20.27999532],[27.35536985 20.11958629],[27.75536985 19.96421145],[28.15536985 19.84814354],[28.55536985 19.73512074],[28.95536985 19.66735089],[28.55536985 19.73512074],[28.95536985 19.66735089],[29.35536985 19.60064502],[29.75536985 19.57324521],[30.15536985 19.54584539]
[14.33956926 20.71710481],[14.73956926 20.41572555],[15.13956926 20.04707486],[15.53956926 19.63893414],[15.93956926 19.17988954],[16.33956926 18.70841069],[16.73956926 18.22364153],[17.13956926 17.72224687],[17.53956926 17.19885885],[17.93956926 16.64785582],[17.53956926 17.19885885],[17.93956926 16.64785582],[18.33956926 16.08218449],[18.73956926 15.5109573 ],[19.13956926 14.98804805],[19.53956926 14.60874834],[19.93956926 14.33058249],[20.33956926 14.11573267],[20.73956926 13.91485164],[21.13956926 13.70823265],[21.53956926 13.48963694],[21.93956926 13.26469436]
[11.27051972 20.66637503],[11.67051972 20.29440572],[12.07051972 19.8880881 ],[12.47051972 19.40457836],[12.87051972 18.8765831 ],[13.27051972 18.32672814],[12.87051972 18.8765831 ],[13.27051972 18.32672814],[13.67051972 17.76094196],[14.07051972 17.18562215],[14.47051972 16.60972558],[14.87051972 16.04503565],[15.27051972 15.50509321],[15.67051972 15.00094853],[16.07051972 14.5298586 ],[16.47051972 14.09436446],[16.87051972 13.73558698],[17.27051972 13.43748832],[17.67051972 13.2150324 ],[18.07051972 13.05322396],[18.47051972 12.94235314],[18.87051972 12.85331092],[19.27051972 12.79697744]
[ 8.1358526  20.61220223],[ 8.5358526  20.17999962],[ 8.9358526  19.69490788],[ 9.3358526  19.13638346],[ 8.9358526  19.69490788],[ 9.3358526  19.13638346],[ 9.7358526 18.5623245],[10.1358526  17.98449313],[10.5358526  17.42078831],[10.9358526  16.88263175],[11.3358526  16.38570703],[11.7358526  15.93267968],[12.1358526  15.54551757],[12.5358526  15.18086703],[12.9358526  14.83637897],[13.3358526  14.51643917],[13.7358526  14.20271772],[14.1358526  13.90553394],[14.5358526  13.61538919],[14.9358526  13.33869565],[15.3358526  13.07606743]
[16.91105706 20.73955481],[17.31105706 20.45932767],[17.71105706 20.17374231],[18.11105706 19.83904905],[18.51105706 19.49437093],[18.91105706 19.12968864],[19.31105706 18.75334005],[19.71105706 18.36748011],[20.11105706 17.95251904],[20.51105706 17.50877949],[20.91105706 17.03558549],[21.31105706 16.52645737],[20.91105706 17.03558549],[21.31105706 16.52645737],[21.71105706 15.97724448],[22.11105706 15.40853632],[22.51105706 14.85613344],[22.91105706 14.32666068],[23.31105706 13.82017096],[23.71105706 13.34560986],[24.11105706 12.91263157]
[-0.6        18.32938591],[-0.2        17.98612225],[-0.6        18.32938591],[-0.2        17.98612225],[ 0.2       17.6339743],[ 0.6        17.30387779],[ 1.         16.98569697],[ 1.4        16.73515126],[ 1.8        16.49254227],[ 2.2        16.30358086],[ 2.6        16.11567292],[ 3.         15.96906231],[ 3.4        15.82245171],[ 3.8        15.70133931],[ 4.2        15.58699082],[ 4.6        15.48160475],[ 5.         15.39233343],[ 5.4        15.30306211],[ 5.8        15.23145876]
[22.37162445  3.72742798],[22.77162445  3.98533099],[23.17162445  4.27129692],[23.57162445  4.56405973],[23.97162445  4.889024  ],[24.37162445  5.23587345],[24.77162445  5.60841348],[25.17162445  6.02837298],[25.57162445  6.47845896],[25.97162445  6.96355196],[25.57162445  6.47845896],[25.97162445  6.96355196],[26.37162445  7.48495313],[26.77162445  8.02712658],[27.17162445  8.51083896],[27.57162445  8.8598933 ],[27.97162445  9.11194666],[28.37162445  9.26815019],[28.77162445  9.36407114],[29.17162445  9.41228259],[29.57162445  9.43441236],[29.97162445  9.44691965],[30.37162445  9.42620014],[30.77162445  9.3989231 ]
[16.02473013  0.7798306 ],[16.42473013  1.10266865],[16.82473013  1.41365713],[17.22473013  1.72293979],[17.62473013  2.02860549],[18.02473013  2.33541155],[18.42473013  2.64319305],[18.82473013  2.95944895],[19.22473013  3.2788744 ],[19.62473013  3.61816321],[20.02473013  3.96768985],[20.42473013  4.3360155 ],[20.82473013  4.7336295 ],[21.22473013  5.15266968],[21.62473013  5.60461112],[21.22473013  5.15266968],[21.62473013  5.60461112],[22.02473013  6.09653983],[22.42473013  6.61625822],[22.82473013  7.15858072],[23.22473013  7.71320825],[23.62473013  8.26811603],[24.02473013  8.7284616 ],[24.42473013  9.0627466 ],[24.82473013  9.3294605 ]
[24.83904684  2.88731427],[25.23904684  2.98905672],[25.63904684  3.09079917],[26.03904684  3.17576752],[26.43904684  3.26068173],[26.83904684  3.3415201 ],[27.23904684  3.41773107],[27.63904684  3.49394205],[28.03904684  3.55940987],[28.43904684  3.62380022],[28.83904684  3.68250975],[29.23904684  3.72906084],[28.83904684  3.68250975],[29.23904684  3.72906084],[29.63904684  3.77561194],[30.03904684  3.80535497],[30.43904684  3.82775502]
[ 0.91685775 20.61353325],[ 1.31685775 20.18121596],[ 1.71685775 19.712273  ],[ 1.31685775 20.18121596],[ 1.71685775 19.712273  ],[ 2.11685775 19.21168294],[ 2.51685775 18.7505572 ],[ 2.91685775 18.3322829 ],[ 3.31685775 17.94166665],[ 3.71685775 17.59000066],[ 4.11685775 17.27193798],[ 4.51685775 16.97368479],[ 4.91685775 16.72345186],[ 5.31685775 16.48240663],[ 5.71685775 16.2876092 ]
[-0.6        12.69971868],[-0.2        12.65858538],[ 0.2        12.61798822],[ 0.6        12.57739106],[ 1.         12.54292202],[ 1.4        12.50946309],[ 1.8        12.47831703],[ 2.2        12.45561186],[ 2.6        12.43290669],[ 3.         12.41360349],[ 3.4        12.39697915],[ 3.8        12.38035481],[ 4.2        12.36148447],[ 4.6        12.34235972],[ 5.         12.32061687],[ 5.4        12.29055873],[ 5.8        12.26050059],[ 6.2        12.22195722],[ 6.6        12.17757053],[ 7.         12.13318384],[ 7.4        12.08207852],[ 7.8        12.03071851],[ 8.2        11.98234394],[ 8.6        11.93962851],[ 9.         11.89691307],[ 9.4        11.86356372],[ 9.8        11.83395889],[10.2        11.80538656],[10.6        11.79144537],[11.         11.77750418],[11.4        11.75761408],[11.8        11.73482225],[11.4        11.75761408],[11.8        11.73482225],[12.2        11.71109965],[12.6        11.65000468],[13.         11.58890971],[13.4        11.51163043],[13.8        11.41260472],[14.2        11.31357901],[14.6        11.19440768],[15.         11.07373064],[15.4        10.96461204],[15.8        10.86220098],[16.2        10.76610292],[16.6        10.70478678],[17.         10.66221129],[17.4       10.6516778],[17.8        10.66319224],[18.2        10.68250046],[18.6        10.69549169],[19.         10.70848292],[19.4       10.7129356],[19.8        10.70558156],[20.2        10.69822751],[20.6        10.68737934],[21.         10.67545265],[21.4        10.66837466],[21.8        10.69513599],[22.2        10.72650436],[22.6       10.7698376]
[-0.6         1.20367772],[-1.          0.85267765],[-0.6         1.20367772],[-0.2         1.59606848],[0.2        2.00134593],[0.6        2.41873668],[1.        2.7821065],[1.4        3.11654997],[1.8        3.39279476],[2.2        3.63636575],[2.6        3.83453017],[3.         4.00544113],[3.4        4.14937103],[3.8       4.2733786],[4.2       4.3778164],[4.6        4.48244531],[5.         4.58746362]
[26.34462538 15.6834378 ],[26.74462538 15.20000669],[27.14462538 14.80977207],[27.54462538 14.53296548],[27.94462538 14.32418232],[28.34462538 14.1416281 ],[28.74462538 14.00374744],[29.14462538 13.90975773],[29.54462538 13.8617704 ],[29.14462538 13.90975773],[29.54462538 13.8617704 ],[29.94462538 13.84888978],[30.34462538 13.85689595],[30.74462538 13.86490211]
[21.85303375 19.13323949],[22.25303375 18.78224365],[22.65303375 18.4087835 ],[23.05303375 18.01741032],[23.45303375 17.58177268],[23.85303375 17.11705075],[24.25303375 16.62318976],[24.65303375 16.10006759],[25.05303375 15.5508982 ],[25.45303375 14.99225618],[25.85303375 14.43681244],[26.25303375 13.90092706],[26.65303375 13.41734036],[27.05303375 13.0010018 ],[27.45303375 12.66294258],[27.85303375 12.35488997],[28.25303375 12.08478539],[28.65303375 11.87361852],[29.05303375 11.71766926],[29.45303375 11.60841955],[29.05303375 11.71766926],[29.45303375 11.60841955],[29.85303375 11.54081635],[30.25303375 11.52880242]
[ 0.89879037 -0.63139726],[ 1.29879037 -0.21184906],[1.69879037 0.2484727 ],[ 1.29879037 -0.21184906],[1.69879037 0.2484727 ],[2.09879037 0.74219216],[2.49879037 1.22118033],[2.89879037 1.65807465],[3.29879037 2.06804305],[3.69879037 2.45245838],[4.09879037 2.7856065 ],[4.49879037 3.10500991],[4.89879037 3.3920569 ]
[-0.6       15.2108803],[-1.         15.37612694],[-0.6       15.2108803],[-0.2        15.03982782],[ 0.2        14.87380321],[ 0.6        14.71755499],[ 1.         14.56311118],[ 1.4        14.45423892],[ 1.8        14.34536666],[ 2.2        14.26282032],[ 2.6        14.19148867],[ 3.         14.12890821],[ 3.4        14.08696744],[ 3.8        14.04502666],[ 4.2        14.01934216],[ 4.6        14.00170659],[ 5.         13.98428091],[ 5.4        13.98444806],[ 5.8        13.98461521],[ 6.2        13.98765886],[ 6.6        13.99608895],[ 7.         14.00451904],[ 7.4        14.00413884]
[-0.6         4.28102086],[-1.          4.05263969],[-0.6         4.28102086],[-0.2         4.52486434],[0.2        4.76908559],[0.6        5.01380447],[1.         5.23562332],[1.4        5.42911767],[1.8        5.57966325],[2.2        5.70344918],[2.6        5.77721902],[3.         5.83411148],[3.4        5.86572167],[3.8        5.88130986],[4.2        5.87082484],[4.6        5.85957935],[5.         5.84584128],[5.4        5.83482628],[5.8        5.84664574]
