X, Y, u, v, rho       # first attempt in obtaining all the layers. Specific layer 8
1.858503936439432014e+00,1.820852045427288957e+00,3.040550000000000197e-01,8.964849999999999763e-01,0.000000000000000000e+00
9.292519682197159625e+00,1.820852045427288957e+00,-2.284249999999999892e-01,9.334149999999999947e-01,0.000000000000000000e+00
1.672653542795488946e+01,1.820852045427288957e+00,8.382499999999999674e-02,9.387050000000000116e-01,0.000000000000000000e+00
2.416055117371261574e+01,1.820852045427288957e+00,-2.395899999999999974e-01,9.057450000000000223e-01,0.000000000000000000e+00
3.159456691947034557e+01,1.820852045427288957e+00,-4.397650000000000170e-01,5.925300000000000011e-01,0.000000000000000000e+00
3.902858266522807185e+01,1.820852045427288957e+00,-4.556200000000000250e-01,4.333150000000000057e-01,0.000000000000000000e+00
4.646259841098579813e+01,1.820852045427288957e+00,0.000000000000000000e+00,1.000000000000000000e+00,0.000000000000000000e+00
5.389661415674353151e+01,1.820852045427288957e+00,0.000000000000000000e+00,1.000000000000000000e+00,0.000000000000000000e+00
6.133062990250125779e+01,1.820852045427288957e+00,0.000000000000000000e+00,1.000000000000000000e+00,0.000000000000000000e+00
6.876464564825899117e+01,1.820852045427288957e+00,3.385150000000000103e-01,8.679399999999999338e-01,0.000000000000000000e+00
7.619866139401671035e+01,1.820852045427288957e+00,-3.353749999999999787e-01,8.447500000000000009e-01,0.000000000000000000e+00
8.363267713977444373e+01,1.820852045427288957e+00,1.025950000000000056e-01,9.269100000000000117e-01,0.000000000000000000e+00
9.106669288553216290e+01,1.820852045427288957e+00,-2.421550000000000091e-01,8.979699999999999349e-01,0.000000000000000000e+00
9.850070863128989629e+01,1.820852045427288957e+00,-3.944150000000000156e-01,7.037949999999999484e-01,0.000000000000000000e+00
1.059347243770476297e+02,1.820852045427288957e+00,-4.543200000000000016e-01,4.832825000000000037e-01,0.000000000000000000e+00
1.133687401228053488e+02,1.820852045427288957e+00,0.000000000000000000e+00,1.000000000000000000e+00,0.000000000000000000e+00
1.208027558685630822e+02,1.820852045427288957e+00,0.000000000000000000e+00,1.000000000000000000e+00,0.000000000000000000e+00
1.282367716143208156e+02,1.820852045427288957e+00,0.000000000000000000e+00,1.000000000000000000e+00,0.000000000000000000e+00
1.356707873600785490e+02,1.820852045427288957e+00,2.876850000000000240e-01,9.076100000000000279e-01,0.000000000000000000e+00
1.431048031058362540e+02,1.820852045427288957e+00,-3.765299999999999758e-01,7.833499999999999908e-01,0.000000000000000000e+00
1.505388188515939873e+02,1.820852045427288957e+00,1.368149999999999922e-01,9.103799999999999670e-01,0.000000000000000000e+00
1.579728345973517207e+02,1.820852045427288957e+00,-2.288650000000000129e-01,9.010799999999999921e-01,0.000000000000000000e+00
1.654068503431094541e+02,1.820852045427288957e+00,3.373050000000000215e-01,2.107550000000000257e-01,0.000000000000000000e+00
1.728408660888671875e+02,1.820852045427288957e+00,-3.771999999999999797e-01,7.209950000000000525e-01,0.000000000000000000e+00
1.858503936439432014e+00,9.104260227136444783e+00,-3.463700000000000112e-01,7.822149999999999936e-01,0.000000000000000000e+00
9.292519682197159625e+00,9.104260227136444783e+00,0.000000000000000000e+00,1.000000000000000000e+00,0.000000000000000000e+00
1.672653542795488946e+01,9.104260227136444783e+00,0.000000000000000000e+00,1.000000000000000000e+00,0.000000000000000000e+00
2.416055117371261574e+01,9.104260227136444783e+00,0.000000000000000000e+00,1.000000000000000000e+00,0.000000000000000000e+00
3.159456691947034557e+01,9.104260227136444783e+00,0.000000000000000000e+00,1.000000000000000000e+00,0.000000000000000000e+00
3.902858266522807185e+01,9.104260227136444783e+00,0.000000000000000000e+00,1.000000000000000000e+00,0.000000000000000000e+00
4.646259841098579813e+01,9.104260227136444783e+00,0.000000000000000000e+00,1.000000000000000000e+00,0.000000000000000000e+00
5.389661415674353151e+01,9.104260227136444783e+00,-3.228949999999999876e-01,8.405050000000000576e-01,0.000000000000000000e+00
6.133062990250125779e+01,9.104260227136444783e+00,-3.278650000000000175e-01,8.151300000000000212e-01,0.000000000000000000e+00
6.876464564825899117e+01,9.104260227136444783e+00,-3.473399999999999821e-01,7.815300000000000580e-01,0.000000000000000000e+00
7.619866139401671035e+01,9.104260227136444783e+00,0.000000000000000000e+00,1.000000000000000000e+00,0.000000000000000000e+00
8.363267713977444373e+01,9.104260227136444783e+00,0.000000000000000000e+00,1.000000000000000000e+00,0.000000000000000000e+00
9.106669288553216290e+01,9.104260227136444783e+00,0.000000000000000000e+00,1.000000000000000000e+00,0.000000000000000000e+00
9.850070863128989629e+01,9.104260227136444783e+00,0.000000000000000000e+00,1.000000000000000000e+00,0.000000000000000000e+00
1.059347243770476297e+02,9.104260227136444783e+00,0.000000000000000000e+00,1.000000000000000000e+00,0.000000000000000000e+00
1.133687401228053488e+02,9.104260227136444783e+00,0.000000000000000000e+00,1.000000000000000000e+00,0.000000000000000000e+00
1.208027558685630822e+02,9.104260227136444783e+00,-3.173650000000000082e-01,8.478399999999999270e-01,0.000000000000000000e+00
1.282367716143208156e+02,9.104260227136444783e+00,0.000000000000000000e+00,1.000000000000000000e+00,0.000000000000000000e+00
1.356707873600785490e+02,9.104260227136444783e+00,0.000000000000000000e+00,1.000000000000000000e+00,0.000000000000000000e+00
1.431048031058362540e+02,9.104260227136444783e+00,0.000000000000000000e+00,1.000000000000000000e+00,0.000000000000000000e+00
1.505388188515939873e+02,9.104260227136444783e+00,0.000000000000000000e+00,1.000000000000000000e+00,0.000000000000000000e+00
1.579728345973517207e+02,9.104260227136444783e+00,0.000000000000000000e+00,1.000000000000000000e+00,0.000000000000000000e+00
1.654068503431094541e+02,9.104260227136444783e+00,0.000000000000000000e+00,1.000000000000000000e+00,0.000000000000000000e+00
1.728408660888671875e+02,9.104260227136444783e+00,0.000000000000000000e+00,1.000000000000000000e+00,0.000000000000000000e+00
1.858503936439432014e+00,1.638766840884559883e+01,1.751099999999999879e-01,9.475249999999999506e-01,0.000000000000000000e+00
9.292519682197159625e+00,1.638766840884559883e+01,-2.779050000000000131e-01,9.043499999999998762e-02,0.000000000000000000e+00
1.672653542795488946e+01,1.638766840884559883e+01,4.460200000000000276e-01,6.349400000000000599e-01,0.000000000000000000e+00
2.416055117371261574e+01,1.638766840884559883e+01,-3.962899999999999756e-01,8.034399999999999320e-01,0.000000000000000000e+00
3.159456691947034557e+01,1.638766840884559883e+01,-4.386499999999999844e-01,4.459699999999999775e-01,0.000000000000000000e+00
3.902858266522807185e+01,1.638766840884559883e+01,0.000000000000000000e+00,1.000000000000000000e+00,0.000000000000000000e+00
4.646259841098579813e+01,1.638766840884559883e+01,0.000000000000000000e+00,1.000000000000000000e+00,0.000000000000000000e+00
5.389661415674353151e+01,1.638766840884559883e+01,0.000000000000000000e+00,1.000000000000000000e+00,0.000000000000000000e+00
6.133062990250125779e+01,1.638766840884559883e+01,-3.963599999999999901e-01,8.023549999999999294e-01,0.000000000000000000e+00
6.876464564825899117e+01,1.638766840884559883e+01,2.195400000000000129e-02,4.475000000000006750e-03,0.000000000000000000e+00
7.619866139401671035e+01,1.638766840884559883e+01,2.590999999999999970e-01,9.228849999999999554e-01,0.000000000000000000e+00
8.363267713977444373e+01,1.638766840884559883e+01,4.614249999999999741e-01,4.980352499999999849e-01,0.000000000000000000e+00
9.106669288553216290e+01,1.638766840884559883e+01,-9.671499999999999542e-03,6.496699999999999697e-01,0.000000000000000000e+00
9.850070863128989629e+01,1.638766840884559883e+01,-4.404049999999999909e-01,4.443300000000000027e-01,0.000000000000000000e+00
1.059347243770476297e+02,1.638766840884559883e+01,0.000000000000000000e+00,1.000000000000000000e+00,0.000000000000000000e+00
1.133687401228053488e+02,1.638766840884559883e+01,0.000000000000000000e+00,1.000000000000000000e+00,0.000000000000000000e+00
1.208027558685630822e+02,1.638766840884559883e+01,0.000000000000000000e+00,1.000000000000000000e+00,0.000000000000000000e+00
1.282367716143208156e+02,1.638766840884559883e+01,-3.639000000000000012e-01,8.413800000000000168e-01,0.000000000000000000e+00
1.356707873600785490e+02,1.638766840884559883e+01,1.162050000000000027e-01,1.436999999999999389e-02,0.000000000000000000e+00
1.431048031058362540e+02,1.638766840884559883e+01,2.308000000000000052e-01,9.406999999999999806e-01,0.000000000000000000e+00
1.505388188515939873e+02,1.638766840884559883e+01,4.461399999999999810e-01,4.205849999999999866e-01,0.000000000000000000e+00
1.579728345973517207e+02,1.638766840884559883e+01,1.224800000000000055e-01,5.733650000000000135e-01,0.000000000000000000e+00
1.654068503431094541e+02,1.638766840884559883e+01,-4.412749999999999728e-01,4.455299999999999816e-01,0.000000000000000000e+00
1.728408660888671875e+02,1.638766840884559883e+01,0.000000000000000000e+00,1.000000000000000000e+00,0.000000000000000000e+00
1.858503936439432014e+00,2.367107659055475466e+01,0.000000000000000000e+00,1.000000000000000000e+00,0.000000000000000000e+00
9.292519682197159625e+00,2.367107659055475466e+01,0.000000000000000000e+00,1.000000000000000000e+00,0.000000000000000000e+00
1.672653542795488946e+01,2.367107659055475466e+01,0.000000000000000000e+00,1.000000000000000000e+00,0.000000000000000000e+00
2.416055117371261574e+01,2.367107659055475466e+01,2.286249999999999949e-01,9.438999999999999613e-01,0.000000000000000000e+00
3.159456691947034557e+01,2.367107659055475466e+01,3.576550000000000007e-01,8.322599999999999998e-01,0.000000000000000000e+00
3.902858266522807185e+01,2.367107659055475466e+01,-4.303750000000000075e-01,2.916650000000000076e-01,0.000000000000000000e+00
4.646259841098579813e+01,2.367107659055475466e+01,0.000000000000000000e+00,1.000000000000000000e+00,0.000000000000000000e+00
5.389661415674353151e+01,2.367107659055475466e+01,0.000000000000000000e+00,1.000000000000000000e+00,0.000000000000000000e+00
6.133062990250125779e+01,2.367107659055475466e+01,0.000000000000000000e+00,1.000000000000000000e+00,0.000000000000000000e+00
6.876464564825899117e+01,2.367107659055475466e+01,0.000000000000000000e+00,1.000000000000000000e+00,0.000000000000000000e+00
7.619866139401671035e+01,2.367107659055475466e+01,0.000000000000000000e+00,1.000000000000000000e+00,0.000000000000000000e+00
8.363267713977444373e+01,2.367107659055475466e+01,0.000000000000000000e+00,1.000000000000000000e+00,0.000000000000000000e+00
9.106669288553216290e+01,2.367107659055475466e+01,2.245449999999999946e-01,9.465500000000000025e-01,0.000000000000000000e+00
9.850070863128989629e+01,2.367107659055475466e+01,3.696349999999999913e-01,8.181450000000000111e-01,0.000000000000000000e+00
1.059347243770476297e+02,2.367107659055475466e+01,4.297300000000000009e-01,7.107099999999999529e-01,0.000000000000000000e+00
1.133687401228053488e+02,2.367107659055475466e+01,0.000000000000000000e+00,1.000000000000000000e+00,0.000000000000000000e+00
1.208027558685630822e+02,2.367107659055475466e+01,0.000000000000000000e+00,1.000000000000000000e+00,0.000000000000000000e+00
1.282367716143208156e+02,2.367107659055475466e+01,0.000000000000000000e+00,1.000000000000000000e+00,0.000000000000000000e+00
1.356707873600785490e+02,2.367107659055475466e+01,0.000000000000000000e+00,1.000000000000000000e+00,0.000000000000000000e+00
1.431048031058362540e+02,2.367107659055475466e+01,0.000000000000000000e+00,1.000000000000000000e+00,0.000000000000000000e+00
1.505388188515939873e+02,2.367107659055475466e+01,0.000000000000000000e+00,1.000000000000000000e+00,0.000000000000000000e+00
1.579728345973517207e+02,2.367107659055475466e+01,1.885350000000000081e-01,9.630900000000000016e-01,0.000000000000000000e+00
1.654068503431094541e+02,2.367107659055475466e+01,-3.780999999999999917e-01,1.922050000000000147e-01,0.000000000000000000e+00
1.728408660888671875e+02,2.367107659055475466e+01,4.275499999999999856e-01,7.180999999999999606e-01,0.000000000000000000e+00
1.858503936439432014e+00,3.095448477226391049e+01,-2.144600000000000117e-01,8.972499999999999920e-01,0.000000000000000000e+00
9.292519682197159625e+00,3.095448477226391049e+01,4.307000000000000273e-01,4.130800000000000027e-01,1.000000000000000000e+00
1.672653542795488946e+01,3.095448477226391049e+01,-3.958599999999999897e-01,3.170350000000000112e-01,1.000000000000000000e+00
2.416055117371261574e+01,3.095448477226391049e+01,4.008450000000000069e-01,7.610449999999999715e-01,1.000000000000000000e+00
3.159456691947034557e+01,3.095448477226391049e+01,0.000000000000000000e+00,1.000000000000000000e+00,1.000000000000000000e+00
3.902858266522807185e+01,3.095448477226391049e+01,0.000000000000000000e+00,1.000000000000000000e+00,1.000000000000000000e+00
4.646259841098579813e+01,3.095448477226391049e+01,0.000000000000000000e+00,1.000000000000000000e+00,1.000000000000000000e+00
5.389661415674353151e+01,3.095448477226391049e+01,-8.340000000000000191e-02,9.494599999999999707e-01,0.000000000000000000e+00
6.133062990250125779e+01,3.095448477226391049e+01,-1.964950000000000030e-01,9.119650000000000256e-01,0.000000000000000000e+00
6.876464564825899117e+01,3.095448477226391049e+01,-2.538949999999999818e-01,8.691800000000000637e-01,0.000000000000000000e+00
7.619866139401671035e+01,3.095448477226391049e+01,4.076449999999999796e-01,3.414300000000000113e-01,0.000000000000000000e+00
8.363267713977444373e+01,3.095448477226391049e+01,3.970899999999999985e-01,6.551449999999999774e-01,0.000000000000000000e+00
9.106669288553216290e+01,3.095448477226391049e+01,-4.022149999999999892e-01,2.489600000000000146e-01,0.000000000000000000e+00
9.850070863128989629e+01,3.095448477226391049e+01,0.000000000000000000e+00,1.000000000000000000e+00,0.000000000000000000e+00
1.059347243770476297e+02,3.095448477226391049e+01,0.000000000000000000e+00,1.000000000000000000e+00,0.000000000000000000e+00
1.133687401228053488e+02,3.095448477226391049e+01,0.000000000000000000e+00,1.000000000000000000e+00,0.000000000000000000e+00
1.208027558685630822e+02,3.095448477226391049e+01,-6.507499999999999396e-02,9.453500000000000236e-01,0.000000000000000000e+00
1.282367716143208156e+02,3.095448477226391049e+01,-2.120700000000000085e-01,9.034949999999999370e-01,1.000000000000000000e+00
1.356707873600785490e+02,3.095448477226391049e+01,-2.746750000000000025e-01,8.532150000000000567e-01,1.000000000000000000e+00
1.431048031058362540e+02,3.095448477226391049e+01,-4.051400000000000001e-01,7.006000000000000005e-01,1.000000000000000000e+00
1.505388188515939873e+02,3.095448477226391049e+01,4.009900000000000131e-01,6.132800000000000473e-01,1.000000000000000000e+00
1.579728345973517207e+02,3.095448477226391049e+01,4.089400000000000257e-01,7.264049999999999674e-01,0.000000000000000000e+00
1.654068503431094541e+02,3.095448477226391049e+01,0.000000000000000000e+00,1.000000000000000000e+00,1.000000000000000000e+00
1.728408660888671875e+02,3.095448477226391049e+01,0.000000000000000000e+00,1.000000000000000000e+00,0.000000000000000000e+00
1.858503936439432014e+00,3.823789295397306631e+01,0.000000000000000000e+00,1.000000000000000000e+00,1.000000000000000000e+00
9.292519682197159625e+00,3.823789295397306631e+01,0.000000000000000000e+00,1.000000000000000000e+00,0.000000000000000000e+00
1.672653542795488946e+01,3.823789295397306631e+01,0.000000000000000000e+00,1.000000000000000000e+00,0.000000000000000000e+00
2.416055117371261574e+01,3.823789295397306631e+01,0.000000000000000000e+00,1.000000000000000000e+00,1.000000000000000000e+00
3.159456691947034557e+01,3.823789295397306631e+01,0.000000000000000000e+00,1.000000000000000000e+00,1.000000000000000000e+00
3.902858266522807185e+01,3.823789295397306631e+01,4.692100000000000160e-01,6.563749999999999307e-01,1.000000000000000000e+00
4.646259841098579813e+01,3.823789295397306631e+01,4.575350000000000250e-01,5.532399999999999540e-01,0.000000000000000000e+00
5.389661415674353151e+01,3.823789295397306631e+01,-4.479299999999999948e-01,4.814370000000000038e-01,0.000000000000000000e+00
6.133062990250125779e+01,3.823789295397306631e+01,0.000000000000000000e+00,1.000000000000000000e+00,0.000000000000000000e+00
6.876464564825899117e+01,3.823789295397306631e+01,0.000000000000000000e+00,1.000000000000000000e+00,0.000000000000000000e+00
7.619866139401671035e+01,3.823789295397306631e+01,0.000000000000000000e+00,1.000000000000000000e+00,0.000000000000000000e+00
8.363267713977444373e+01,3.823789295397306631e+01,0.000000000000000000e+00,1.000000000000000000e+00,0.000000000000000000e+00
9.106669288553216290e+01,3.823789295397306631e+01,0.000000000000000000e+00,1.000000000000000000e+00,0.000000000000000000e+00
9.850070863128989629e+01,3.823789295397306631e+01,0.000000000000000000e+00,1.000000000000000000e+00,0.000000000000000000e+00
1.059347243770476297e+02,3.823789295397306631e+01,-4.833950000000000191e-01,3.970049999999999968e-01,0.000000000000000000e+00
1.133687401228053488e+02,3.823789295397306631e+01,-4.584750000000000214e-01,4.475299999999999834e-01,0.000000000000000000e+00
1.208027558685630822e+02,3.823789295397306631e+01,-4.492999999999999772e-01,4.763045000000000195e-01,0.000000000000000000e+00
1.282367716143208156e+02,3.823789295397306631e+01,0.000000000000000000e+00,1.000000000000000000e+00,0.000000000000000000e+00
1.356707873600785490e+02,3.823789295397306631e+01,0.000000000000000000e+00,1.000000000000000000e+00,0.000000000000000000e+00
1.431048031058362540e+02,3.823789295397306631e+01,0.000000000000000000e+00,1.000000000000000000e+00,1.000000000000000000e+00
1.505388188515939873e+02,3.823789295397306631e+01,9.919999999999999651e-02,9.897449999999999859e-01,1.000000000000000000e+00
1.579728345973517207e+02,3.823789295397306631e+01,0.000000000000000000e+00,1.000000000000000000e+00,0.000000000000000000e+00
1.654068503431094541e+02,3.823789295397306631e+01,0.000000000000000000e+00,1.000000000000000000e+00,0.000000000000000000e+00
1.728408660888671875e+02,3.823789295397306631e+01,-4.859100000000000086e-01,4.392150000000000221e-01,0.000000000000000000e+00
1.858503936439432014e+00,4.552130113568222214e+01,-2.555749999999999966e-01,8.757550000000000612e-01,0.000000000000000000e+00
9.292519682197159625e+00,4.552130113568222214e+01,-3.189649999999999985e-01,8.119700000000000806e-01,1.000000000000000000e+00
1.672653542795488946e+01,4.552130113568222214e+01,-3.604049999999999754e-01,7.491050000000000209e-01,1.000000000000000000e+00
2.416055117371261574e+01,4.552130113568222214e+01,0.000000000000000000e+00,1.000000000000000000e+00,1.000000000000000000e+00
3.159456691947034557e+01,4.552130113568222214e+01,0.000000000000000000e+00,1.000000000000000000e+00,0.000000000000000000e+00
3.902858266522807185e+01,4.552130113568222214e+01,0.000000000000000000e+00,1.000000000000000000e+00,0.000000000000000000e+00
4.646259841098579813e+01,4.552130113568222214e+01,0.000000000000000000e+00,1.000000000000000000e+00,0.000000000000000000e+00
5.389661415674353151e+01,4.552130113568222214e+01,0.000000000000000000e+00,1.000000000000000000e+00,0.000000000000000000e+00
6.133062990250125779e+01,4.552130113568222214e+01,0.000000000000000000e+00,1.000000000000000000e+00,0.000000000000000000e+00
6.876464564825899117e+01,4.552130113568222214e+01,-2.574250000000000149e-01,8.728000000000000203e-01,0.000000000000000000e+00
7.619866139401671035e+01,4.552130113568222214e+01,-3.148650000000000060e-01,8.173349999999999227e-01,0.000000000000000000e+00
8.363267713977444373e+01,4.552130113568222214e+01,3.536000000000000254e-01,2.388950000000000240e-01,0.000000000000000000e+00
9.106669288553216290e+01,4.552130113568222214e+01,0.000000000000000000e+00,1.000000000000000000e+00,0.000000000000000000e+00
9.850070863128989629e+01,4.552130113568222214e+01,0.000000000000000000e+00,1.000000000000000000e+00,0.000000000000000000e+00
1.059347243770476297e+02,4.552130113568222214e+01,0.000000000000000000e+00,1.000000000000000000e+00,0.000000000000000000e+00
1.133687401228053488e+02,4.552130113568222214e+01,0.000000000000000000e+00,1.000000000000000000e+00,0.000000000000000000e+00
1.208027558685630822e+02,4.552130113568222214e+01,0.000000000000000000e+00,1.000000000000000000e+00,0.000000000000000000e+00
1.282367716143208156e+02,4.552130113568222214e+01,0.000000000000000000e+00,1.000000000000000000e+00,0.000000000000000000e+00
1.356707873600785490e+02,4.552130113568222214e+01,-2.697749999999999870e-01,8.643849999999999589e-01,0.000000000000000000e+00
1.431048031058362540e+02,4.552130113568222214e+01,-3.173500000000000210e-01,8.161350000000000549e-01,0.000000000000000000e+00
1.505388188515939873e+02,4.552130113568222214e+01,3.514200000000000101e-01,2.335400000000000253e-01,0.000000000000000000e+00
1.579728345973517207e+02,4.552130113568222214e+01,0.000000000000000000e+00,1.000000000000000000e+00,1.000000000000000000e+00
1.654068503431094541e+02,4.552130113568222214e+01,0.000000000000000000e+00,1.000000000000000000e+00,0.000000000000000000e+00
1.728408660888671875e+02,4.552130113568222214e+01,0.000000000000000000e+00,1.000000000000000000e+00,0.000000000000000000e+00
1.858503936439432014e+00,5.280470931739137797e+01,0.000000000000000000e+00,1.000000000000000000e+00,0.000000000000000000e+00
9.292519682197159625e+00,5.280470931739137797e+01,0.000000000000000000e+00,1.000000000000000000e+00,0.000000000000000000e+00
1.672653542795488946e+01,5.280470931739137797e+01,0.000000000000000000e+00,1.000000000000000000e+00,0.000000000000000000e+00
2.416055117371261574e+01,5.280470931739137797e+01,0.000000000000000000e+00,1.000000000000000000e+00,0.000000000000000000e+00
3.159456691947034557e+01,5.280470931739137797e+01,-2.558199999999999918e-01,8.977249999999999952e-01,0.000000000000000000e+00
3.902858266522807185e+01,5.280470931739137797e+01,0.000000000000000000e+00,1.000000000000000000e+00,0.000000000000000000e+00
4.646259841098579813e+01,5.280470931739137797e+01,0.000000000000000000e+00,1.000000000000000000e+00,0.000000000000000000e+00
5.389661415674353151e+01,5.280470931739137797e+01,0.000000000000000000e+00,1.000000000000000000e+00,0.000000000000000000e+00
6.133062990250125779e+01,5.280470931739137797e+01,0.000000000000000000e+00,1.000000000000000000e+00,0.000000000000000000e+00
6.876464564825899117e+01,5.280470931739137797e+01,0.000000000000000000e+00,1.000000000000000000e+00,0.000000000000000000e+00
7.619866139401671035e+01,5.280470931739137797e+01,0.000000000000000000e+00,1.000000000000000000e+00,0.000000000000000000e+00
8.363267713977444373e+01,5.280470931739137797e+01,0.000000000000000000e+00,1.000000000000000000e+00,0.000000000000000000e+00
9.106669288553216290e+01,5.280470931739137797e+01,0.000000000000000000e+00,1.000000000000000000e+00,0.000000000000000000e+00
9.850070863128989629e+01,5.280470931739137797e+01,-1.657599999999999907e-01,9.497349999999999959e-01,0.000000000000000000e+00
1.059347243770476297e+02,5.280470931739137797e+01,0.000000000000000000e+00,1.000000000000000000e+00,0.000000000000000000e+00
1.133687401228053488e+02,5.280470931739137797e+01,0.000000000000000000e+00,1.000000000000000000e+00,0.000000000000000000e+00
1.208027558685630822e+02,5.280470931739137797e+01,0.000000000000000000e+00,1.000000000000000000e+00,0.000000000000000000e+00
1.282367716143208156e+02,5.280470931739137797e+01,0.000000000000000000e+00,1.000000000000000000e+00,0.000000000000000000e+00
1.356707873600785490e+02,5.280470931739137797e+01,0.000000000000000000e+00,1.000000000000000000e+00,0.000000000000000000e+00
1.431048031058362540e+02,5.280470931739137797e+01,0.000000000000000000e+00,1.000000000000000000e+00,0.000000000000000000e+00
1.505388188515939873e+02,5.280470931739137797e+01,0.000000000000000000e+00,1.000000000000000000e+00,0.000000000000000000e+00
1.579728345973517207e+02,5.280470931739137797e+01,0.000000000000000000e+00,1.000000000000000000e+00,0.000000000000000000e+00
1.654068503431094541e+02,5.280470931739137797e+01,-5.355499999999999844e-02,9.858799999999999786e-01,0.000000000000000000e+00
1.728408660888671875e+02,5.280470931739137797e+01,0.000000000000000000e+00,1.000000000000000000e+00,0.000000000000000000e+00
1.858503936439432014e+00,6.008811749910053379e+01,0.000000000000000000e+00,1.000000000000000000e+00,0.000000000000000000e+00
9.292519682197159625e+00,6.008811749910053379e+01,0.000000000000000000e+00,1.000000000000000000e+00,0.000000000000000000e+00
1.672653542795488946e+01,6.008811749910053379e+01,0.000000000000000000e+00,1.000000000000000000e+00,0.000000000000000000e+00
2.416055117371261574e+01,6.008811749910053379e+01,0.000000000000000000e+00,1.000000000000000000e+00,0.000000000000000000e+00
3.159456691947034557e+01,6.008811749910053379e+01,0.000000000000000000e+00,1.000000000000000000e+00,0.000000000000000000e+00
3.902858266522807185e+01,6.008811749910053379e+01,0.000000000000000000e+00,1.000000000000000000e+00,0.000000000000000000e+00
4.646259841098579813e+01,6.008811749910053379e+01,0.000000000000000000e+00,1.000000000000000000e+00,0.000000000000000000e+00
5.389661415674353151e+01,6.008811749910053379e+01,0.000000000000000000e+00,1.000000000000000000e+00,0.000000000000000000e+00
6.133062990250125779e+01,6.008811749910053379e+01,0.000000000000000000e+00,1.000000000000000000e+00,0.000000000000000000e+00
6.876464564825899117e+01,6.008811749910053379e+01,0.000000000000000000e+00,1.000000000000000000e+00,0.000000000000000000e+00
7.619866139401671035e+01,6.008811749910053379e+01,0.000000000000000000e+00,1.000000000000000000e+00,0.000000000000000000e+00
8.363267713977444373e+01,6.008811749910053379e+01,0.000000000000000000e+00,1.000000000000000000e+00,0.000000000000000000e+00
9.106669288553216290e+01,6.008811749910053379e+01,0.000000000000000000e+00,1.000000000000000000e+00,0.000000000000000000e+00
9.850070863128989629e+01,6.008811749910053379e+01,0.000000000000000000e+00,1.000000000000000000e+00,0.000000000000000000e+00
1.059347243770476297e+02,6.008811749910053379e+01,0.000000000000000000e+00,1.000000000000000000e+00,0.000000000000000000e+00
1.133687401228053488e+02,6.008811749910053379e+01,0.000000000000000000e+00,1.000000000000000000e+00,0.000000000000000000e+00
1.208027558685630822e+02,6.008811749910053379e+01,0.000000000000000000e+00,1.000000000000000000e+00,0.000000000000000000e+00
1.282367716143208156e+02,6.008811749910053379e+01,0.000000000000000000e+00,1.000000000000000000e+00,0.000000000000000000e+00
1.356707873600785490e+02,6.008811749910053379e+01,0.000000000000000000e+00,1.000000000000000000e+00,0.000000000000000000e+00
1.431048031058362540e+02,6.008811749910053379e+01,0.000000000000000000e+00,1.000000000000000000e+00,0.000000000000000000e+00
1.505388188515939873e+02,6.008811749910053379e+01,0.000000000000000000e+00,1.000000000000000000e+00,0.000000000000000000e+00
1.579728345973517207e+02,6.008811749910053379e+01,0.000000000000000000e+00,1.000000000000000000e+00,0.000000000000000000e+00
1.654068503431094541e+02,6.008811749910053379e+01,0.000000000000000000e+00,1.000000000000000000e+00,0.000000000000000000e+00
1.728408660888671875e+02,6.008811749910053379e+01,0.000000000000000000e+00,1.000000000000000000e+00,0.000000000000000000e+00
1.858503936439432014e+00,6.737152568080969672e+01,1.552199999999999934e-02,9.955899999999999750e-01,0.000000000000000000e+00
9.292519682197159625e+00,6.737152568080969672e+01,4.472050000000000192e-01,6.524550000000000072e-01,0.000000000000000000e+00
1.672653542795488946e+01,6.737152568080969672e+01,-4.435950000000000171e-01,3.335049999999999959e-01,0.000000000000000000e+00
2.416055117371261574e+01,6.737152568080969672e+01,0.000000000000000000e+00,1.000000000000000000e+00,0.000000000000000000e+00
3.159456691947034557e+01,6.737152568080969672e+01,0.000000000000000000e+00,1.000000000000000000e+00,0.000000000000000000e+00
3.902858266522807185e+01,6.737152568080969672e+01,0.000000000000000000e+00,1.000000000000000000e+00,0.000000000000000000e+00
4.646259841098579813e+01,6.737152568080969672e+01,0.000000000000000000e+00,1.000000000000000000e+00,0.000000000000000000e+00
5.389661415674353151e+01,6.737152568080969672e+01,0.000000000000000000e+00,1.000000000000000000e+00,0.000000000000000000e+00
6.133062990250125779e+01,6.737152568080969672e+01,0.000000000000000000e+00,1.000000000000000000e+00,0.000000000000000000e+00
6.876464564825899117e+01,6.737152568080969672e+01,-8.001500000000000279e-02,9.819999999999999840e-01,0.000000000000000000e+00
7.619866139401671035e+01,6.737152568080969672e+01,4.597550000000000248e-01,5.390684999999999505e-01,0.000000000000000000e+00
8.363267713977444373e+01,6.737152568080969672e+01,-4.403400000000000092e-01,3.180899999999999839e-01,0.000000000000000000e+00
9.106669288553216290e+01,6.737152568080969672e+01,0.000000000000000000e+00,1.000000000000000000e+00,0.000000000000000000e+00
9.850070863128989629e+01,6.737152568080969672e+01,0.000000000000000000e+00,1.000000000000000000e+00,0.000000000000000000e+00
1.059347243770476297e+02,6.737152568080969672e+01,0.000000000000000000e+00,1.000000000000000000e+00,0.000000000000000000e+00
1.133687401228053488e+02,6.737152568080969672e+01,0.000000000000000000e+00,1.000000000000000000e+00,0.000000000000000000e+00
1.208027558685630822e+02,6.737152568080969672e+01,0.000000000000000000e+00,1.000000000000000000e+00,0.000000000000000000e+00
1.282367716143208156e+02,6.737152568080969672e+01,0.000000000000000000e+00,1.000000000000000000e+00,0.000000000000000000e+00
1.356707873600785490e+02,6.737152568080969672e+01,-1.311700000000000088e-01,9.627999999999999892e-01,0.000000000000000000e+00
1.431048031058362540e+02,6.737152568080969672e+01,4.439949999999999730e-01,4.180599999999999872e-01,1.000000000000000000e+00
1.505388188515939873e+02,6.737152568080969672e+01,-4.268600000000000172e-01,2.750949999999999784e-01,1.000000000000000000e+00
1.579728345973517207e+02,6.737152568080969672e+01,0.000000000000000000e+00,1.000000000000000000e+00,0.000000000000000000e+00
1.654068503431094541e+02,6.737152568080969672e+01,0.000000000000000000e+00,1.000000000000000000e+00,1.000000000000000000e+00
1.728408660888671875e+02,6.737152568080969672e+01,0.000000000000000000e+00,1.000000000000000000e+00,0.000000000000000000e+00
1.858503936439432014e+00,7.465493386251884544e+01,0.000000000000000000e+00,1.000000000000000000e+00,0.000000000000000000e+00
9.292519682197159625e+00,7.465493386251884544e+01,0.000000000000000000e+00,1.000000000000000000e+00,0.000000000000000000e+00
1.672653542795488946e+01,7.465493386251884544e+01,0.000000000000000000e+00,1.000000000000000000e+00,0.000000000000000000e+00
2.416055117371261574e+01,7.465493386251884544e+01,0.000000000000000000e+00,1.000000000000000000e+00,0.000000000000000000e+00
3.159456691947034557e+01,7.465493386251884544e+01,-2.894950000000000023e-01,8.758799999999999919e-01,0.000000000000000000e+00
3.902858266522807185e+01,7.465493386251884544e+01,-2.828749999999999876e-01,8.592699999999999783e-01,0.000000000000000000e+00
4.646259841098579813e+01,7.465493386251884544e+01,-3.217300000000000160e-01,8.128400000000000070e-01,0.000000000000000000e+00
5.389661415674353151e+01,7.465493386251884544e+01,-3.678000000000000158e-01,8.059650000000000425e-01,0.000000000000000000e+00
6.133062990250125779e+01,7.465493386251884544e+01,0.000000000000000000e+00,1.000000000000000000e+00,0.000000000000000000e+00
6.876464564825899117e+01,7.465493386251884544e+01,0.000000000000000000e+00,1.000000000000000000e+00,0.000000000000000000e+00
7.619866139401671035e+01,7.465493386251884544e+01,0.000000000000000000e+00,1.000000000000000000e+00,0.000000000000000000e+00
8.363267713977444373e+01,7.465493386251884544e+01,0.000000000000000000e+00,1.000000000000000000e+00,0.000000000000000000e+00
9.106669288553216290e+01,7.465493386251884544e+01,0.000000000000000000e+00,1.000000000000000000e+00,0.000000000000000000e+00
9.850070863128989629e+01,7.465493386251884544e+01,-2.869900000000000229e-01,8.774850000000000705e-01,0.000000000000000000e+00
1.059347243770476297e+02,7.465493386251884544e+01,-2.898299999999999765e-01,8.561050000000000049e-01,0.000000000000000000e+00
1.133687401228053488e+02,7.465493386251884544e+01,-3.244650000000000034e-01,8.114299999999999846e-01,0.000000000000000000e+00
1.208027558685630822e+02,7.465493386251884544e+01,-3.083049999999999957e-01,8.801499999999999879e-01,0.000000000000000000e+00
1.282367716143208156e+02,7.465493386251884544e+01,0.000000000000000000e+00,1.000000000000000000e+00,0.000000000000000000e+00
1.356707873600785490e+02,7.465493386251884544e+01,0.000000000000000000e+00,1.000000000000000000e+00,0.000000000000000000e+00
1.431048031058362540e+02,7.465493386251884544e+01,0.000000000000000000e+00,1.000000000000000000e+00,1.000000000000000000e+00
1.505388188515939873e+02,7.465493386251884544e+01,0.000000000000000000e+00,1.000000000000000000e+00,1.000000000000000000e+00
1.579728345973517207e+02,7.465493386251884544e+01,0.000000000000000000e+00,1.000000000000000000e+00,0.000000000000000000e+00
1.654068503431094541e+02,7.465493386251884544e+01,-2.814900000000000180e-01,8.820950000000000735e-01,0.000000000000000000e+00
1.728408660888671875e+02,7.465493386251884544e+01,-2.921349999999999780e-01,8.563650000000000428e-01,0.000000000000000000e+00
1.858503936439432014e+00,8.193834204422800838e+01,0.000000000000000000e+00,1.000000000000000000e+00,0.000000000000000000e+00
9.292519682197159625e+00,8.193834204422800838e+01,0.000000000000000000e+00,1.000000000000000000e+00,1.000000000000000000e+00
1.672653542795488946e+01,8.193834204422800838e+01,-4.397699999999999942e-01,6.813000000000000167e-01,1.000000000000000000e+00
2.416055117371261574e+01,8.193834204422800838e+01,4.467300000000000160e-01,4.252350000000000296e-01,1.000000000000000000e+00
3.159456691947034557e+01,8.193834204422800838e+01,-4.405249999999999999e-01,5.419245000000000312e-01,1.000000000000000000e+00
3.902858266522807185e+01,8.193834204422800838e+01,0.000000000000000000e+00,1.000000000000000000e+00,0.000000000000000000e+00
4.646259841098579813e+01,8.193834204422800838e+01,0.000000000000000000e+00,1.000000000000000000e+00,0.000000000000000000e+00
5.389661415674353151e+01,8.193834204422800838e+01,0.000000000000000000e+00,1.000000000000000000e+00,0.000000000000000000e+00
6.133062990250125779e+01,8.193834204422800838e+01,3.086699999999999999e-01,8.873599999999999266e-01,0.000000000000000000e+00
6.876464564825899117e+01,8.193834204422800838e+01,0.000000000000000000e+00,1.000000000000000000e+00,0.000000000000000000e+00
7.619866139401671035e+01,8.193834204422800838e+01,0.000000000000000000e+00,1.000000000000000000e+00,0.000000000000000000e+00
8.363267713977444373e+01,8.193834204422800838e+01,-3.996350000000000180e-01,7.502150000000000762e-01,0.000000000000000000e+00
9.106669288553216290e+01,8.193834204422800838e+01,4.356349999999999945e-01,3.861749999999999905e-01,0.000000000000000000e+00
9.850070863128989629e+01,8.193834204422800838e+01,-4.373449999999999838e-01,5.598149999999999515e-01,0.000000000000000000e+00
1.059347243770476297e+02,8.193834204422800838e+01,0.000000000000000000e+00,1.000000000000000000e+00,0.000000000000000000e+00
1.133687401228053488e+02,8.193834204422800838e+01,0.000000000000000000e+00,1.000000000000000000e+00,0.000000000000000000e+00
1.208027558685630822e+02,8.193834204422800838e+01,0.000000000000000000e+00,1.000000000000000000e+00,0.000000000000000000e+00
1.282367716143208156e+02,8.193834204422800838e+01,4.050650000000000084e-01,7.716450000000000253e-01,0.000000000000000000e+00
1.356707873600785490e+02,8.193834204422800838e+01,-3.466750000000000109e-01,8.600099999999999412e-01,0.000000000000000000e+00
1.431048031058362540e+02,8.193834204422800838e+01,4.400600000000000067e-01,6.194450000000000234e-01,0.000000000000000000e+00
1.505388188515939873e+02,8.193834204422800838e+01,-3.685350000000000015e-01,7.883050000000000335e-01,1.000000000000000000e+00
1.579728345973517207e+02,8.193834204422800838e+01,4.186099999999999821e-01,3.414200000000000013e-01,1.000000000000000000e+00
1.654068503431094541e+02,8.193834204422800838e+01,-4.307250000000000245e-01,5.875449999999999839e-01,1.000000000000000000e+00
1.728408660888671875e+02,8.193834204422800838e+01,0.000000000000000000e+00,1.000000000000000000e+00,0.000000000000000000e+00
1.858503936439432014e+00,8.922175022593715710e+01,0.000000000000000000e+00,1.000000000000000000e+00,0.000000000000000000e+00
9.292519682197159625e+00,8.922175022593715710e+01,0.000000000000000000e+00,1.000000000000000000e+00,0.000000000000000000e+00
1.672653542795488946e+01,8.922175022593715710e+01,0.000000000000000000e+00,1.000000000000000000e+00,0.000000000000000000e+00
2.416055117371261574e+01,8.922175022593715710e+01,0.000000000000000000e+00,1.000000000000000000e+00,1.000000000000000000e+00
3.159456691947034557e+01,8.922175022593715710e+01,0.000000000000000000e+00,1.000000000000000000e+00,1.000000000000000000e+00
3.902858266522807185e+01,8.922175022593715710e+01,0.000000000000000000e+00,1.000000000000000000e+00,0.000000000000000000e+00
4.646259841098579813e+01,8.922175022593715710e+01,-3.613199999999999745e-01,7.848749999999999893e-01,0.000000000000000000e+00
5.389661415674353151e+01,8.922175022593715710e+01,3.567549999999999888e-01,2.250550000000000050e-01,0.000000000000000000e+00
6.133062990250125779e+01,8.922175022593715710e+01,3.638500000000000068e-01,2.475700000000000123e-01,0.000000000000000000e+00
6.876464564825899117e+01,8.922175022593715710e+01,0.000000000000000000e+00,1.000000000000000000e+00,0.000000000000000000e+00
7.619866139401671035e+01,8.922175022593715710e+01,0.000000000000000000e+00,1.000000000000000000e+00,0.000000000000000000e+00
8.363267713977444373e+01,8.922175022593715710e+01,0.000000000000000000e+00,1.000000000000000000e+00,0.000000000000000000e+00
9.106669288553216290e+01,8.922175022593715710e+01,0.000000000000000000e+00,1.000000000000000000e+00,0.000000000000000000e+00
9.850070863128989629e+01,8.922175022593715710e+01,0.000000000000000000e+00,1.000000000000000000e+00,0.000000000000000000e+00
1.059347243770476297e+02,8.922175022593715710e+01,0.000000000000000000e+00,1.000000000000000000e+00,0.000000000000000000e+00
1.133687401228053488e+02,8.922175022593715710e+01,-3.840000000000000080e-01,7.594149999999999512e-01,0.000000000000000000e+00
1.208027558685630822e+02,8.922175022593715710e+01,3.645149999999999779e-01,2.336099999999999843e-01,0.000000000000000000e+00
1.282367716143208156e+02,8.922175022593715710e+01,3.659399999999999875e-01,2.501750000000000362e-01,0.000000000000000000e+00
1.356707873600785490e+02,8.922175022593715710e+01,0.000000000000000000e+00,1.000000000000000000e+00,0.000000000000000000e+00
1.431048031058362540e+02,8.922175022593715710e+01,0.000000000000000000e+00,1.000000000000000000e+00,0.000000000000000000e+00
1.505388188515939873e+02,8.922175022593715710e+01,0.000000000000000000e+00,1.000000000000000000e+00,0.000000000000000000e+00
1.579728345973517207e+02,8.922175022593715710e+01,0.000000000000000000e+00,1.000000000000000000e+00,0.000000000000000000e+00
1.654068503431094541e+02,8.922175022593715710e+01,0.000000000000000000e+00,1.000000000000000000e+00,0.000000000000000000e+00
1.728408660888671875e+02,8.922175022593715710e+01,0.000000000000000000e+00,1.000000000000000000e+00,0.000000000000000000e+00
1.858503936439432014e+00,9.650515840764632003e+01,3.868349999999999844e-01,7.861650000000000027e-01,0.000000000000000000e+00
9.292519682197159625e+00,9.650515840764632003e+01,3.180450000000000221e-01,8.768449999999999855e-01,1.000000000000000000e+00
1.672653542795488946e+01,9.650515840764632003e+01,0.000000000000000000e+00,1.000000000000000000e+00,1.000000000000000000e+00
2.416055117371261574e+01,9.650515840764632003e+01,0.000000000000000000e+00,1.000000000000000000e+00,1.000000000000000000e+00
3.159456691947034557e+01,9.650515840764632003e+01,0.000000000000000000e+00,1.000000000000000000e+00,0.000000000000000000e+00
3.902858266522807185e+01,9.650515840764632003e+01,0.000000000000000000e+00,1.000000000000000000e+00,0.000000000000000000e+00
4.646259841098579813e+01,9.650515840764632003e+01,0.000000000000000000e+00,1.000000000000000000e+00,0.000000000000000000e+00
5.389661415674353151e+01,9.650515840764632003e+01,4.750650000000000150e-01,4.050900000000000056e-01,0.000000000000000000e+00
6.133062990250125779e+01,9.650515840764632003e+01,4.151549999999999963e-01,6.584750000000000325e-01,0.000000000000000000e+00
6.876464564825899117e+01,9.650515840764632003e+01,3.765399999999999858e-01,8.004149999999999876e-01,0.000000000000000000e+00
7.619866139401671035e+01,9.650515840764632003e+01,-4.496850000000000014e-01,4.507619999999999960e-01,0.000000000000000000e+00
8.363267713977444373e+01,9.650515840764632003e+01,3.731149999999999745e-01,2.985099999999999976e-01,0.000000000000000000e+00
9.106669288553216290e+01,9.650515840764632003e+01,-4.214200000000000168e-01,5.948350000000000026e-01,0.000000000000000000e+00
9.850070863128989629e+01,9.650515840764632003e+01,0.000000000000000000e+00,1.000000000000000000e+00,0.000000000000000000e+00
1.059347243770476297e+02,9.650515840764632003e+01,0.000000000000000000e+00,1.000000000000000000e+00,0.000000000000000000e+00
1.133687401228053488e+02,9.650515840764632003e+01,0.000000000000000000e+00,1.000000000000000000e+00,0.000000000000000000e+00
1.208027558685630822e+02,9.650515840764632003e+01,4.612049999999999761e-01,3.480750000000000233e-01,0.000000000000000000e+00
1.282367716143208156e+02,9.650515840764632003e+01,4.074699999999999989e-01,6.562399999999999345e-01,0.000000000000000000e+00
1.356707873600785490e+02,9.650515840764632003e+01,3.695499999999999896e-01,8.083050000000000512e-01,0.000000000000000000e+00
1.431048031058362540e+02,9.650515840764632003e+01,4.323449999999999793e-01,4.197549999999999892e-01,0.000000000000000000e+00
1.505388188515939873e+02,9.650515840764632003e+01,3.735200000000000187e-01,3.124449999999999728e-01,0.000000000000000000e+00
1.579728345973517207e+02,9.650515840764632003e+01,-4.253750000000000031e-01,5.796350000000000113e-01,0.000000000000000000e+00
1.654068503431094541e+02,9.650515840764632003e+01,0.000000000000000000e+00,1.000000000000000000e+00,0.000000000000000000e+00
1.728408660888671875e+02,9.650515840764632003e+01,0.000000000000000000e+00,1.000000000000000000e+00,0.000000000000000000e+00
1.858503936439432014e+00,1.037885665893554688e+02,0.000000000000000000e+00,1.000000000000000000e+00,0.000000000000000000e+00
9.292519682197159625e+00,1.037885665893554688e+02,0.000000000000000000e+00,1.000000000000000000e+00,0.000000000000000000e+00
1.672653542795488946e+01,1.037885665893554688e+02,2.806449999999999778e-01,9.095249999999999169e-01,0.000000000000000000e+00
2.416055117371261574e+01,1.037885665893554688e+02,0.000000000000000000e+00,1.000000000000000000e+00,0.000000000000000000e+00
3.159456691947034557e+01,1.037885665893554688e+02,0.000000000000000000e+00,1.000000000000000000e+00,0.000000000000000000e+00
3.902858266522807185e+01,1.037885665893554688e+02,0.000000000000000000e+00,1.000000000000000000e+00,0.000000000000000000e+00
4.646259841098579813e+01,1.037885665893554688e+02,0.000000000000000000e+00,1.000000000000000000e+00,0.000000000000000000e+00
5.389661415674353151e+01,1.037885665893554688e+02,0.000000000000000000e+00,1.000000000000000000e+00,0.000000000000000000e+00
6.133062990250125779e+01,1.037885665893554688e+02,0.000000000000000000e+00,1.000000000000000000e+00,0.000000000000000000e+00
6.876464564825899117e+01,1.037885665893554688e+02,0.000000000000000000e+00,1.000000000000000000e+00,0.000000000000000000e+00
7.619866139401671035e+01,1.037885665893554688e+02,0.000000000000000000e+00,1.000000000000000000e+00,0.000000000000000000e+00
8.363267713977444373e+01,1.037885665893554688e+02,3.519200000000000106e-01,8.516049999999999454e-01,0.000000000000000000e+00
9.106669288553216290e+01,1.037885665893554688e+02,0.000000000000000000e+00,1.000000000000000000e+00,0.000000000000000000e+00
9.850070863128989629e+01,1.037885665893554688e+02,0.000000000000000000e+00,1.000000000000000000e+00,0.000000000000000000e+00
1.059347243770476297e+02,1.037885665893554688e+02,0.000000000000000000e+00,1.000000000000000000e+00,0.000000000000000000e+00
1.133687401228053488e+02,1.037885665893554688e+02,0.000000000000000000e+00,1.000000000000000000e+00,0.000000000000000000e+00
1.208027558685630822e+02,1.037885665893554688e+02,0.000000000000000000e+00,1.000000000000000000e+00,0.000000000000000000e+00
1.282367716143208156e+02,1.037885665893554688e+02,0.000000000000000000e+00,1.000000000000000000e+00,0.000000000000000000e+00
1.356707873600785490e+02,1.037885665893554688e+02,0.000000000000000000e+00,1.000000000000000000e+00,0.000000000000000000e+00
1.431048031058362540e+02,1.037885665893554688e+02,0.000000000000000000e+00,1.000000000000000000e+00,0.000000000000000000e+00
1.505388188515939873e+02,1.037885665893554688e+02,3.956200000000000272e-01,8.040749999999999842e-01,0.000000000000000000e+00
1.579728345973517207e+02,1.037885665893554688e+02,-4.400999999999999912e-01,3.208950000000000413e-01,0.000000000000000000e+00
1.654068503431094541e+02,1.037885665893554688e+02,4.519400000000000084e-01,5.866050000000000431e-01,0.000000000000000000e+00
1.728408660888671875e+02,1.037885665893554688e+02,0.000000000000000000e+00,1.000000000000000000e+00,0.000000000000000000e+00
